Type,Name,Category,Company,Food and beverage category,Product line/Brand,Ethnicity,Age
Ent,Abdulmajid Iman,Actress/Model,Milk PEP,Dairy,Milk ,BFE,60
Ent,Adams William will.i.am,Musician,TCCC,SSB,Coca-Cola,BME,41
Ent,Adams William will.i.am,Musician,PepsiCo,Salty,Doritos,BME,41
Ent,Adams William will.i.am,Musician,Dr Pepper Snapple Group,SSB,Dr Pepper,BME,41
Ent,Adams William will.i.am,Musician,PepsiCo,SSB,Pepsi,BME,41
Ent,Agdal Nina,Model,CKE Restaurants,QSR,Carl's Jr,WFE,23
Ent,Aguilera Christina,Actress/Musician,PepsiCo,SSB,Pepsi,WFE,34
Ent,Aguilera Christina,Actress/Musician,TCCC,SSB,Coca-Cola,WFE,34
Ent,Akintimehin Olubowale Victor Wale,Musician,TCCC,SSB,Sprite,BME,31
Ent,Alba Jessica,Actress/Entrepreneur,Milk PEP,Dairy,Milk ,MFE,34
Ent,Alba Jessica,Actress/Entrepreneur,TCCC,LCB,ZICO,MFE,34
Ent,Alba Jessica,Actress/Entrepreneur,PHA,Fruit and Vegetables,FNV,MFE,34
Ent,Aldean Jason ,Musician,PepsiCo,SSB,Mountain Dew,WME,39
Ent,Amaro Melanie ,Musician,PepsiCo,SSB,Pepsi,WFE,24
Ent,Angello Steve Swedish House Mafia,Musician,Kraft Foods Group Inc,NCB,MiO Energy ,WME,32
Ent,Aniston Jennifer,Actress,Milk PEP,Dairy,Milk ,WFE,46
Ent,Aniston Jennifer,Actress,TCCC,Water,Smartwater,WFE,46
Ent,Applegate Christina,Actress/Dancer,TCCC,NCB,Fruitwater,WFE,44
Ent,Aykroyd Dan ,Actor/Musician,Globefill Inc,Alcohol,Crystal Head Vodka,WME,63
Ent,Bacon Kevin,Actor/Musician,American Egg Board,Meals,Eggs,WME,56
Ent,Baldwin Alec ,Actor,TCCC,Water,Smartwater,WME,57
Ent,Bangalter Thomas Daft Punk,Musician,TCCC,SSB,Coca-Cola,WME,41
Ent,Banks Tyra,Actress/Model,Milk PEP,Dairy,Milk ,BFE,41
Ent,Barnett Zac American Authors,Musician,Unilever,SSB,Lipton Iced Tea,WME,29
Ent,Barton Mischa,Actress/Model,Milk PEP,dairy,Milk ,WFE,29
Ent,Batyske Mick MICK,Musician,PHA,Fruit and Vegetables,FNV,WME,38
Ent,Beer Madison,Actress/Musician,PHA,Fruit and Vegetables,FNV,WFE,16
Ent,Bell Kristen,Actress/Musician,PHA,Fruit and Vegetables,FNV,WFE,34
Ent,Bennett Tony,Musician,Milk PEP,Dairy,Milk ,WME,89
Ent,Beth Alecia Pink,Actress/Musician,PepsiCo,SSB,Pepsi,WFE,35
Ent,Black Clint,Musician,Milk PEP,Dairy,Milk ,WME,53
Ent,Bleeth Yasmine,Actress ,Milk PEP,Dairy,Milk ,WFE,47
Ent,Bleu Corbin,Actor/Musician,Milk PEP,Dairy,Milk ,BME,26
Ent,Blige Mary J.,Musician,PepsiCo,SSB,Pepsi,BFE,44
Ent,Boesch Rudy,TV Personality,Milk PEP,Dairy,Milk ,WME,88
Ent,Boreanaz David,Actor,Milk PEP,Dairy,Milk ,WME,46
Ent,Boss Stephen Twitch,Musician,PepsiCo,SSB,Gatorade,BME,23
Ent,Bowen Julie,Actress,Milk PEP,Dairy,Milk,WFE,45
Ent,Brady Wayne,Actor/TV personality,PHA,Fruit and Vegetables,FNV,BME,43
Ent,Braff Zach,Actor,Milk PEP,Dairy,Milk ,WME,40
Ent,Brian Christopher Ludacris,Actor/Musician,PepsiCo,SSB,Pepsi,BME,37
Ent,Brian Christopher Ludacris,Actor/Musician,Conjure Cognac LLC,Alcohol,Conjure Cognac ,BME,37
Ent,Brice Lee ,Musician,PepsiCo,SSB,Pepsi,WME,37
Ent,Brinkley Christie,Actress/Model,Milk PEP,Dairy,Milk ,WFE,61
Ent,Broadus Calvin Cordozar Snoop Dogg,Actor ,Pabst Brewing Company,Alcohol ,Blast Colt 45,BME,44
Ent,Brown Chris,Actor/Musician,Milk PEP,Dairy,Milk ,BME,27
Ent,Brown Chris,Actor/Musician,Wrigley Company,Candy,Wrigley's Doublemint,BME,27
Ent,Bundchen Gisele,Actress/Model,Milk PEP,Dairy,Milk ,WFE,35
Ent,Burke Brooke,Actress/Model,Restaurant Brands International Inc.,QSR,Burger King,WFE,43
Ent,Burns Steve,TV personality,Milk PEP,Dairy,Milk ,WME,41
Ent,Burrell Tyler Gerald Ty Burrell ,Actor,Milk PEP,Dairy,Milk,WME,48
Ent,Butler Dan,Actor,Milk PEP,Dairy,Milk,WME,60
Ent,Bynes Amanda,Actress,Milk PEP,Dairy,Milk ,WFE,29
Ent,Campbell Naomi,Actress/Model,Milk PEP,Dairy,Milk ,BFE,45
Ent,Campbell Neve,Actress ,Milk PEP,Dairy,Milk ,WFE,41
Ent,Carey Mariah,Musician,PepsiCo,SSB,Pepsi,BFE,45
Ent,Carmichael esse Royal Maroon 5,Musician,TCCC,SSB,Coca-Cola,WME,37
Ent,Carmichael esse Royal Maroon 5,Musician,Dr Pepper Snapple Group,SSB,Snapple,WME,37
Ent,Carter Nick,Musician,Milk PEP,Dairy,Milk,WME,35
Ent,Carter Shawn Corey Jay Z,Musician/Entrepreneur,Ahneuser-Busch InBev,Alcohol,Budweiser,BME,46
Ent,Carter Shawn Corey Jay Z,Musician/Entrepreneur,D'usse,Alcohol,D'usse,BME,47
Ent,Carter Shawn Corey Jay Z,Musician/Entrepreneur,TCCC,SSB,Coca-Cola,BME,47
Ent,Cattrall Kim,Actress,Milk PEP,Dairy,Milk ,WFE,59
Ent,Cavalli Roberto ,Fashion Designer,Roberto Cavalli,Alcohol,Roberto Cavalli Vodka,WME,75
Ent,Chalke Sarah,Actress,Milk PEP,Dairy,Milk ,WFE,39
Ent,Chan Jackie,Actor ,Milk PEP,Dairy,Milk ,AME,61
Ent,Channing Stockard,Actress,Milk PEP,Dairy,Milk ,WFE,71
Ent,Chesney Kenny ,Musician,Blue Chair Bay Rum,Alcohol,Blue Chair Bay Rum,WME,47
Ent,Chiklis Michael,Actor,Milk PEP,Dairy,Milk ,WME,52
Ent,Christian Armando Pitbull,Musician,Dr Pepper Snapple Group,SSB,Dr Pepper,LME,32
Ent,Christian Armando Pitbull,Musician,PepsiCo,SSB,Pepsi,LME,32
Ent,Clarkson Kelly,Musician,Milk PEP,Dairy,Milk ,WFE,33
Ent,Clarkson Kelly,Musician,TCCC,SSB,Glaceau's Vitaminwater,WFE,33
Ent,Clarkson Kelly,Musician,PepsiCo,SSB,Pepsi,WFE,33
Ent,Clooney George ,Actor ,Casamigos Spirits Company,Alcohol ,Casamigos Tequila,WME,54
Ent,Coleman Monique,Actress,Milk PEP,Dairy,Milk ,BFE,34
Ent,Combs Sean John Diddy,Musician,Diageo ,Alcohol ,Ciroc,BME,46
Ent,Cook A. J. ,Actress,PHA,Fruit and Vegetables,FNV,WFE,37
Ent,Copeland Misty ,Dancer,Dr Pepper Snapple Group,SSB,Dr Pepper Diet,MFE,33
Ent,Copperfield David,Illusionist ,Milk PEP,Dairy,Milk ,WME,59
Ent,Cornish Jessica Ellen Jessie J,Musician,McDonald's Corporation,QSR,McDonald's,WFE,28
Ent,Cornish Jessica Ellen Jessie J,Musician,Kellogg's,Sweet,Pop Tarts,WFE,28
Ent,Cornish Jessica Ellen Jessie J,Musician,Mondelez,Candy,Cadbury's,WFE,28
Ent,Cosby Bill ,Actor,TCCC,SSB,Coca-Cola,BME,78
Ent,Cosby Bill ,Actor,Genesee Pure Food Company,Sweet,Jell-o,BME,78
Ent,Cosgrove Miranda,Actress,PepsiCo,Sweet,Quaker Oats Chewy Granola Bars,WFE,22
Ent,Crawford Cindy,Model,PepsiCo,SSB,Pepsi,WFE,49
Ent,Crawford Cindy,Model,Urban Remedy,Meals,Urban Remedy,WFE,49
Ent,Crawford Cindy,Model,PHA,Fruit and Vegetables,FNV,WFE,49
Ent,Criss Peter,Actor/Musician,Milk PEP,Dairy,Milk ,WME,69
Ent,Crowe Sheryl,Musician,Milk PEP,Dairy,Milk,WFE,53
Ent,Curtis Jamie Lee,Actress/Entrepreneur,The Dannon Company,Dairy,Activia Yogurt,WFE,57
Ent,Cyrus Billy Ray,Musician,Milk PEP,Dairy,Milk ,WME,54
Ent,Cyrus Miley,Musician,Milk PEP,Dairy,Milk ,WFE,22
Ent,Daly Carson,TV Personality ,Milk PEP,Dairy,Milk ,WME,42
Ent,DeGeneres Ellen,Actress,TCCC,NCB,Vitaminwater ZERO,WFE,57
Ent,DeVito Danny,Actor,Milk PEP,Dairy,Milk ,WME,70
Ent,DeVito Danny,Actor,Danny Devito,Alcohol,Danny DeVito Limoncello,WME,70
Ent,Dillard Tramar Lacel Flo Rida,Musician,Celsius,LCB,Celsius,BME,36
Ent,Dixon Maxwell Grand Puba,Musician,TCCC,SSB,Sprite,BME,49
Ent,Dobrev Nina,Actress,Milk PEP,Dairy,Milk,WFE,26
Ent,Dobson Fefe,Musician,Milk PEP,Dairy,Milk ,BFE,30
Ent,Dogg Snoop,Musician,The Wonderful Company,Salty,Wonderful Pistachios,BME,43
Ent,Dogg Snoop,Musician,Nestle,Meals,Hot Pockets,BME,43
Ent,Dogg Snoop,Musician,Hansen Natural Corp.,SSB,Monster Energy,BME,43
Ent,Donaldson Colby ,TV Personality,Milk PEP,Dairy,Milk ,WME,41
Ent,Dorough Howie,Musician,Milk PEP,Dairy,Milk ,WME,42
Ent,Douglas Ashanti Shequoiya Ashanti,Musician,PHA,Fruit and Vegetables,FNV,BFE,35
Ent,Douglas Ashanti Shequoiya Ashanti,Musician,PHA,Water,Drink UP Campaign,BFE,35
Ent,Duff Hilary,Actress/Musician,Milk PEP,Dairy,Milk ,WFE,28
Ent,Dylan Bob ,Musician,PepsiCo,SSB,Pepsi,MME,75
Ent,Efron Zac,Actor,Milk PEP,Dairy,Milk ,WME,27
Ent,Elba Idris,Actor,TCCC,Water,Smartwater,BME,43
Ent,Elliot Missy,Musician,PepsiCo,Salty,Doritos,BFE,44
Ent,Evans Chris,Actor,Milk PEP,Dairy,Milk,WME,34
Ent,Evigan Briana,Actress,PHA,Fruit and Vegetables ,FNV,WFE,28
Ent,Faison Donald,Actor,Milk PEP,Dairy,Milk ,BME,41
Ent,Famie Keith ,TV Personality,Milk PEP,Dairy,Milk ,WME,56
Ent,Fenty Robyn Rihanna,Musician,Milk PEP,Dairy,Milk ,BFE,27
Ent,Fenty Robyn Rihanna,Musician,Vita Coco,LCB,Vita Coco,BFE,27
Ent,Fenty Robyn Rihanna,Musician,PepsiCo,Salty,Doritos,BFE,27
Ent,Flav Flavor ,Musician,PepsiCo,SSB,Pepsi,BME,57
Ent,Flynn Matt Maroon 5,Musician,TCCC,SSB,Coca-Cola,WME,46
Ent,Flynn Matt Maroon 5,Musician,Dr Pepper Snapple Group,SSB,Snapple,WME,46
Ent,Fogle Jared,TV personality,Milk PEP,Dairy,Milk ,WME,38
Ent,Ford Harrison,Actor,Milk PEP,Dairy,Milk,WME,73
Ent,Fox Matthew,Actor,Milk PEP,Dairy,Milk ,WME,49
Ent,Frankel Bethenny ,TV personality,Skinny Girl Cocktails LLC,Alcohol,Skinnygirl,WFE,45
Ent,Franz Dennis,Actor,Milk PEP,Dairy,Milk ,WME,70
Ent,Frehley Ace,Musician,Milk PEP,Dairy,Milk,WME,64
Ent,Fuentes Daisy,Model/TV personality,Milk PEP,Dairy,Milk ,LFE,48
Ent,Garcia Jessica Marie,Actress,PHA,Fruit and Vegetables,FNV,LFE,28
Ent,Garrett Brad,Actor,Milk PEP,Dairy,Milk ,WME,55
Ent,Gaylor Chris,Musician,Milk PEP,Dairy,Milk,WME,36
Ent,Gellar Sarah Michelle,Actress,Milk PEP,Dairy,Milk ,WFE,38
Ent,Gilbert Brantley ,Musician,PepsiCo,SSB,Mountain Dew,WME,31
Ent,Gilpin Peri,Actress,Milk PEP,Dairy,Milk,WFE,54
Ent,Goldberg Whoopi,Actress,Milk PEP,Dairy,Milk ,BFE,59
Ent,Gomez Selena,Gomez Selena,Borden Milk,Dairy,Borden Milk,LFE,22
Ent,Gomez Selena,Gomez Selena,TCCC,SSB,Coca-Cola,LFE,22
Ent,Gooding Cuba Jr.,Actor,PepsiCo,SSB,Pepsi,BME,47
Ent,Gould Nolan,Actor,Milk PEP,Dairy,Milk,WME,16
Ent,Grabeel Lucas,Actor,Milk PEP,Dairy,Milk ,WME,30
Ent,Graham Aubrey Drake Drake,Musician,TCCC,SSB,Sprite,BME,28
Ent,Grammer Kelsey,Actor,Milk PEP,Dairy,Milk ,WME,60
Ent,Grande Ariana,Musician,Wat-AAH!,NCB,Wat-AAH!,LFE,22
Ent,Grande Ariana,Musician,Nestle,SSB,Nesquick,LFE,22
Ent,Grant Amy,Musician,Milk PEP,Dairy,Milk ,WFE,54
Ent,Grant lizabeth Woolridge Lana Del Rey,Musician,Nestle,LCB,Nespresso,WFE,30
Ent,Green Cee-Lo ,Musician,Dr Pepper Snapple Group,SSB,7-UP,BME,42
Ent,Green Eva,Actress,Davide Campari-Milano ,Alcohol,Campari,WFE,35
Ent,Grier Hayes,Musician,PHA,Fruit and Vegetables,FNV,WME,15
Ent,Grier Nash,Musician,PHA,Fruit and Vegetables,FNV,WME,16
Ent,Griffith Melanie,Actress,Milk PEP,Dairy,Milk ,WFE,58
Ent,Gruffudd Ioan,Actor,Milk PEP,Dairy,Milk,WME,42
Ent,Hagar Sammy ,Musician,Sammy Hagar,Alcohol,Beach Bar Rum,WME,68
Ent,Hagar Sammy ,Musician,Sammy Hagar,Alcohol,Cabo Wabo Tequila,WME,68
Ent,Haggerty Ben Macklemore,Musician,Frito Lay,Sweet,Cracker Jack,WME,32
Ent,Haggerty Ben Macklemore,Musician,Dr Pepper Snapple Group,SSB,Dr Pepper,WME,32
Ent,Hanson Isaac ,Musician,Hanson Brothers Beer Company,Alcohol,MmmHop,WME,34
Ent,Hanson Isaac ,Musician,Milk PEP,Dairy,Milk,WME,34
Ent,Hanson Taylor,Musician,Milk PEP,Dairy,Milk,WME,32
Ent,Hanson Taylor,Musician,Hanson Brothers Beer Company,Alcohol,MmmHop,WME,32
Ent,Hanson Zac,Musician,Milk PEP,Dairy,Milk,WME,30
Ent,Hanson Zac,Musician,Hanson Brothers Beer Company,Alcohol,MmmHop,WME,30
Ent,Harmon Angie,Actress,Milk PEP,Dairy,Milk ,WFE,43
Ent,Harris Calvin,Musician,PepsiCo,SSB,Pepsi,WME,31
Ent,Harris Calvin,Musician,TCCC,SSB,Coca-Cola,WME,31
Ent,Harvey Steve,Actor/Comedian,Restaurant Brands International Inc.,QSR,Burger King,BME,58
Ent,Hatch Richard ,TV Personality,Milk PEP,Dairy,Milk ,WME,54
Ent,Hawk Susan ,TV Personality,Milk PEP,Dairy,Milk ,WFE,54
Ent,Hayek Selma,Actress,Restaurant Brands International Inc.,QSR,Burger King,LFE,49
Ent,Hayek Selma,Actress,Milk PEP,Dairy,Milk,LFE,49
Ent,Hayes Hunter ,Musician,PepsiCo,SSB,Pepsi,WME,24
Ent,Haynes Cornell Iral Jr. Nelly,Musician,Milk PEP,Dairy,Milk ,BME,40
Ent,Haynes Cornell Iral Jr. Nelly,Musician,General Mills Inc.,Cereal,Honey Nut Cheerios,BME,40
Ent,Haynes Cornell Iral Jr. Nelly,Musician,Just Born Inc.,Candy,Mike and Ike,BME,40
Ent,Haywood Dave Lady Antebellum,Musician,Unilever,SSB,Lipton Iced Tea,WME,33
Ent,Heaton Patricia,Actress,Milk PEP,Dairy,Milk ,WFE,57
Ent,Henderson Florence,Actress,Milk PEP,Dairy,Milk ,WFE,81
Ent,Hewitt Jennifer Love,Actress,Milk PEP,Dairy,Milk ,WFE,36
Ent,Hilton Paris,Model/TV Personality,CKE Restaurants,QSR,Carl's Jr,WFE,34
Ent,Homem-Christo Guy-Manuel de Daft Punk,Musician,TCCC,SSB,Coca-Cola,WME,42
Ent,Horan Niall James One Direction,Musician,Mondelez,Sweet,Nabisco,WME,22
Ent,Horan Niall James One Direction,Musician,PepsiCo,SSB,Pepsi,WME,22
Ent,Hough Julianne,Actress/Musician,Milk PEP,Dairy,Milk,WFE,27
Ent,Hough Julianne,Actress/Musician,Wrigley Company,Candy,Juicy Fruit ,WFE,27
Ent,Hough Julianne,Actress/Musician,PHA,Fruit and Vegetables,FNV,WFE,27
Ent,Houston Jordan Michael Juicy J,Musician,Red Bull GmbH,SSB,Red Bull,BME,41
Ent,Houston Jordan Michael Juicy J,Musician,Core Hydration,LCB,CORE Hydration,BME,41
Ent,Howard Ron,Actor ,Milk PEP,Dairy,Milk ,WME,61
Ent,Hudgens Vanessa,Actress/Musician,Milk PEP,Dairy,Milk ,LFE,26
Ent,Hudson Jennifer,Actress/Musician,Milk PEP,Dairy,Milk ,BFE,34
Ent,Huffman Felicity,Actress,Milk PEP,Dairy ,Milk,WFE,52
Ent,Hurley Elizabeth,Actress/Model,Milk PEP,Dairy,Milk,WFE,50
Ent,Hyland Sarah,Actress,Milk PEP,Dairy,Milk,WFE,24
Ent,Iglesias Enrique,Musician,PepsiCo,SSB,Pepsi,LME,40
Ent,Jackman Hugh,Actor,Milk PEP,Dairy,Milk ,WME,46
Ent,Jackman Hugh,Actor,Unilever,SSB,Lipton Iced Tea,WME,46
Ent,Jackson Curtis James 50 cent,Musician,TCCC,SSB,Glaceau's Vitaminwater,BME,40
Ent,Jackson Joshua,Actor,Milk PEP,Dairy,Milk ,WME,37
Ent,Jackson O'Shea Ice Cube,Actor/Musician,Coors Brewing Company,Alcohol ,Coors Light,BME,46
Ent,Jackson Randy,TV Personality,PHA,Fruit and Vegetables,FNV,BME,59
Ent,Jae-sang Park PSY,Musician,The Wonderful Company,Salty,Wonderful Pistachios,AME,38
Ent,Jae-sang Park PSY,Musician,Nong Shim Holdings Co Ltd.,Meals,Nongshim Shin Ramyun Black Cup,AME,38
Ent,Jeffers-Cooper Eve Jihan,Musician,PepsiCo,SSB,Pepsi,BFE,36
Ent,Jeong Ken ,Actress,TCCC,NCB,Coke Zero,AME,46
Ent,John Elton,Musician,Milk PEP,Dairy,Milk ,WME,68
Ent,John Elton,Musician,PepsiCo,SSB,Pepsi,WME,68
Ent,Jolie Angelina,Actress ,Milk PEP,Dairy,Milk ,WFE,40
Ent,Jolie Angelina,Actress ,Chateau Miraval,Alcohol,Miraval Rose,WFE,40
Ent,Jonas Nick,Musician,PHA,Fruit and Vegetables,FNV,WME,23
Ent,Jones Nasir bin Olu Dara Nas,Actor/Musician,Jas Hennessy & Co. ,Alcohol ,Hennessy,BME,42
Ent,Jones Shirley,Actress,Milk PEP,Dairy,Milk,WFE,81
Ent,Justice Victoria,Actress/Musician,Milk PEP,Dairy,Milk ,LFE,22
Ent,Kardashian Khloe,TV Personality ,The Wonderful Company,Salty,Wonderful Pistachios,WFE,31
Ent,Kardashian Kim,Model/TV Personality,CKE Restaurants,QSR,Carl's Jr,AFE,34
Ent,Kelley Charles Lady Antebellum,Musician,Unilever,SSB,Lipton Iced Tea,WME,34
Ent,Kennerty Mike,Musician,Milk PEP,Dairy ,Milk,WME,35
Ent,Keys Alicia ,Musician,TCCC,SSB,Glaceau's Vitaminwater,MFE,35
Ent,King Larry,Actor/TV personality,Milk PEP,Dairy,Milk ,WME,81
Ent,Kinski Nastassja,Actress/Model,Milk PEP,Dairy,Milk ,WFE,54
Ent,Klum Heidi,Model/TV Personality,Milk PEP,Dairy,Milk ,WFE,42
Ent,Klum Heidi,Model/TV Personality,McDonald's Corporation,QSR,McDonald's,WFE,42
Ent,Klum Heidi,Model/TV Personality,CKE Restaurants,QSR,Carl's Jr,WFE,42
Ent,Knowles Beyonce,Musician,Milk PEP,Dairy,Milk ,BFE,34
Ent,Knowles Beyonce,Musician,PepsiCo,SSB,Pepsi,BFE,34
Ent,Knowles Solange,Musician,Milk PEP,Dairy,Milk ,BFE,29
Ent,Kudrow Lisa,Actress,Milk PEP,Dairy,Milk ,WFE,52
Ent,Landry Ali,Actress,PepsiCo,Salty,Doritos,LFE,41
Ent,Lee Spike,Actor/Director,Milk PEP,Dairy,Milk ,BME,58
Ent,Leeves Jane,Actress,Milk PEP,Dairy ,Milk ,WFE,54
Ent,Legend John,Musician,PHA,Water,Drink UP Campaign,BME,36
Ent,Levine Adam Noah Maroon 5,Musician,TCCC,SSB,Coca-Cola,WME,37
Ent,Levine Adam Noah Maroon 5,Musician,Dr Pepper Snapple Group,SSB,Snapple,WME,37
Ent,Liotta Ray ,Actor ,Agavera Camichines ,Alcohol,1800 Tequila Silver,WME,61
Ent,Lipnicki Jonathan,Actor,Milk PEP,Dairy,Milk ,WME,26
Ent,Littrell Brian,Musician,Milk PEP,Dairy,Milk,WME,40
Ent,Lohan Lindsay,Actress,Milk PEP,Dairy,Milk ,WFE,29
Ent,Longoria Eva,Actress,PepsiCo,Salty,Lay's Potato Chips,LFE,40
Ent,Longoria Eva,Actress,PepsiCo,LCB,Pepsi Next,LFE,40
Ent,Lopez Jennifer,Actress/Musician,PepsiCo,SSB,Pepsi,LFE,45
Ent,Lovato Demi,Actress/Musician,Milk PEP,Dairy,Milk,LFE,22
Ent,Lunden Joan,TV personality,Milk PEP,Dairy,Milk ,WFE,65
Ent,Lynch Riker R5,Musician,PHA,Fruit and Vegetables,FNV,WME,23
Ent,Lynch Rocky R5,Musician,PHA,Fruit and Vegetables,FNV,WME,20
Ent,Lynch Ross R5,Musician,PHA,Fruit and Vegetables,FNV,WME,19
Ent,Lynch Rydel R5,Musician,PHA,Fruit and Vegetables,FNV,WFE,22
Ent,Lynn Lonnie Rashid Jr Common,Musician,TCCC,SSB,Coca-Cola,BME,44
Ent,MacDowell Andie,Actress/Model,Milk PEP,Dairy,Milk ,WFE,57
Ent,Macpherson Elle,Actress/Model,Milk PEP,Dairy,Milk ,WFE,51
Ent,Macy William H.,Actor,Milk PEP,Dairy,Milk,WME,65
Ent,Madden Michael Allen Maroon 5,Musician,TCCC,SSB,Coca-Cola,WME,37
Ent,Madden Michael Allen Maroon 5,Musician,Dr Pepper Snapple Group,SSB,Snapple,WME,37
Ent,Maguire Martie,Musician,Milk PEP,Dairy ,Milk,WFE,46
Ent,Mahoney John,Actor,Milk PEP,Dairy ,Milk,WME,75
Ent,Maines Natalie,Musician,Milk PEP,Dairy,Milk ,WFE,41
Ent,Malik Zain Javadd One Dierction,Musician,Mondelez,Sweet,Nabisco,WME,23
Ent,Malik Zain Javadd One Dierction,Musician,PepsiCo,SSB,Pepsi,WME,23
Ent,Manson Marilyn,Musician,Milk PEP,Dairy,Milk ,WME,46
Ent,Manson Marilyn,Musician,Absinthe Maninthe,Alcohol ,Absinthe Maninthe,WME,46
Ent,Mathers Marshall Bruce III Eminem,Musician,Unilever,SSB,Brisk (Lipton),WME,43
Ent,Matthews Dave ,Musician,Dreaming Tree Wines,Alcohol ,Dreaming Tree Wines,WME,49
Ent,McBride Martina,Musician,Sunny Delight Beverage Company,SSB,Sunny D,WFE,48
Ent,McCormick Malcolm James Mac Miller,Musician,PepsiCo,SSB,Mountain Dew,WME,24
Ent,McCullough Bernard Jeffrey Bernie Mac,Actor/Comedian,Milk PEP,Dairy,Milk ,BME,50
Ent,McGraw Phil Dr.,TV personality,Milk PEP,Dairy,Milk ,WME,65
Ent,McLean A.J.,Musician,Milk PEP,Dairy,Milk,WME,37
Ent,Menounos Maria,Actress/TV Personality ,Dunkin Brands,QSR,Dark Roast Coffee,LFE,37
Ent,Milian Christina,Musician,Chicken and Rice Company,QSR,Chicken & Rice,BFE,33
Ent,Minaj Nicki,Musician,PepsiCo,SSB,Pepsi,MFE,32
Ent,Minogue Kylie ,Actress,TCCC,Water,Smartwater,WFE,47
Ent,Moore Mandy,Actress/Musician,Milk PEP,Dairy,Milk ,WFE,31
Ent,Morton PJ Maroon 5,Musician,TCCC,SSB,Coca-Cola,BME,35
Ent,Morton PJ Maroon 5,Musician,Dr Pepper Snapple Group,SSB,Snapple,BME,35
Ent,Moss Kate,Model,Milk PEP,Dairy,Milk ,WFE,41
Ent,Mowry Tia,Actress,PHA,Fruit and Vegetables,FNV,BFE,37
Ent,Muniz Frankie,Actor,Milk PEP,Dairy,Milk ,WME,29
Ent,Muniz Marco Antonio Marc Anthony,Actor/Musician,Milk PEP,Dairy,Milk ,LME,47
Ent,Myers Mike,Actor,Milk PEP,Dairy,Milk ,WME,52
Ent,Navedo Andrea,Actress,PHA,Fruit and Vegetables ,FNV,LFE,37
Ent,Nelson  Willlie ,Musician,Willlie Nelson ,Alcohol,Whiskey River Bourbon,WME,82
Ent,O'brien Conan,TV personality,Milk PEP,Dairy,Milk ,WME,53
Ent,Olsen Ashley,Actress,Milk PEP,Dairy,Milk ,WFE,29
Ent,Olsen Mary Kate,Actress,Milk PEP,Dairy,Milk ,WFE,29
Ent,Panettiere Hayden,Actress,Milk PEP,Dairy,Milk ,WFE,26
Ent,Patton Paula ,Actress,PepsiCo,LCB,Pepsi Next,MFE,40
Ent,Payne Liam James One Direction,Musician,Mondelez,Sweet,Nabisco,WME,22
Ent,Payne Liam James One Direction,Musician,PepsiCo,SSB,Pepsi,WME,22
Ent,Perlman Rhea,Actress,Milk PEP,Dairy,Milk ,WFE,67
Ent,Perry Katy,Musician,Popchips Inc.,Salty,Popchips,WFE,30
Ent,Perry Katy,Musician,PepsiCo,SSB,Pepsi,WFE,30
Ent,Philipps Elizabeth Jean Busy Philipps ,Actress,Bacardi Limited,Alcohol,Bacardi,WFE,36
Ent,Phillips Peter Pete Rock,Musician,TCCC,SSB,Sprite,BME,45
Ent,Pierce David Hyde,Actor ,Milk PEP,Dairy ,Milk ,WME,56
Ent,Pitt Brad ,Actor ,Chateau Miraval,Alcohol,Miraval Rose,BME,52
Ent,Pontius Chris ,Actor,PHA,Fruit and Vegetables,FNV,WME,41
Ent,Preston Kelly,Actress,Milk PEP,Dairy,Milk ,WFE,52
Ent,Prince Freddie Jr.,Actor,Milk PEP,Dairy,Milk ,WME,39
Ent,Ramirez Sara,Actress,Milk PEP,Dairy,Milk ,LFE,40
Ent,Ratliff Ellington R5,Musician,PHA,Fruit and Vegetables ,FNV,WME,22
Ent,Raymond Usher,Musician,Milk PEP,Dairy,Milk ,BME,36
Ent,Raymond Usher,Musician,General Mills Inc.,Cereal,Honey Nut Cheerios,BME,36
Ent,Raymond Usher,Musician,Mars Inc.,Candy,Twix,BME,36
Ent,Richardson Kevin,Musician,Milk PEP,Dairy,Milk,WME,44
Ent,Rimes LeeAnn,Musician,Milk PEP,Dairy,Milk ,WFE,33
Ent,Ripoll Shakira Isabel Mebarak,Musician,PepsiCo,SSB,Pepsi,LFE,38
Ent,Ripoll Shakira Isabel Mebarak,Musician,The Dannon Company,Dairy,Activia Yogurt,LFE,38
Ent,Ritter Tyson,Musician,Milk PEP,Dairy ,Milk,WME,31
Ent,Robison Emily,Musician,Milk PEP,Dairy,Milk,WFE,43
Ent,Rodrigues Harry Bauer Baauer,Musician,A&W Restaurants,QSR,A&W Restaurants,WME,27
Ent,Rodrigues Harry Bauer Baauer,Musician,Dr Pepper Snapple Group,SSB,Dr Pepper,WME,27
Ent,Rodrigues Harry Bauer Baauer,Musician,Nestle,Meals,Hot Pockets,WME,27
Ent,Rodrigues Harry Bauer Baauer,Musician,Red Bull GmbH,SSB,Red Bull,WME,27
Ent,Rodrigues Harry Bauer Baauer,Musician,PepsiCo,SSB,Pepsi,WME,27
Ent,Romano Ray,Actor ,Milk PEP,Dairy,Milk ,WME,57
Ent,Romijn Rebecca,Model,Milk PEP,Dairy,Milk ,WFE,42
Ent,Ross Marion,Actress,Milk PEP,Dairy,Milk ,WFE,86
Ent,Rossellini Isabella,Actress,Milk PEP,Dairy,Milk ,WFE,63
Ent,Rowland Kelly,Musician,McDonald's Corporation,QSR,McDonald's,BFE,34
Ent,Rublin Dave American Authors,Musician,Unilever,SSB,Lipton Iced Tea,WFE,29
Ent,Rucker Darius,Musician,Restaurant Brands International Inc.,QSR,Burger King,BME,49
Ent,Sabara Daryl,Actor,Milk PEP,Dairy,Milk ,WME,23
Ent,Sanchez Matt American Authors,Musician,Unilever,SSB,Lipton Iced Tea,WME,30
Ent,Saralegui Cristina ,TV personality,Nestle,Water,Nestle Pure Life,WFE,68
Ent,Saralegui Cristina ,TV personality,PHA,Water,Drink UP Campaign,WFE,68
Ent,Scott Hillary Lady Antebellum,Musician,Unilever,SSB,Lipton Iced Tea,WFE,30
Ent,Seacrest Ryan,TV Personality,TCCC,SSB,Coca-Cola,WME,40
Ent,Sereba Nico Nico & Vinz,Musician,Nestle,SSB,Nestea,BFE,24
Ent,Shaffer Paul,Musician,Milk PEP,Dairy,Milk ,WME,65
Ent,Shelley James Adam American Authors,Musician,Unilever,SSB,Lipton Iced Tea,WME,33
Ent,Shelton Blake ,Musician,PepsiCo,SSB,Pepsi,WME,39
Ent,Shelton Blake ,Musician,Yum! Brands,QSR,Pizza Hut,WME,39
Ent,Shields Brooke,Actress,Milk PEP,Dairy,Milk ,WFE,50
Ent,Simmons Gene,Musician,Milk PEP,Dairy,Milk,WME,66
Ent,Simmons Gene,Musician,Dr Pepper Snapple Group,SSB,Dr Pepper,WME,66
Ent,Simpson Ashlee,Actress/Musician,The Hershey Company,Candy,Reese's,WFE,30
Ent,Smith Shaffer Chimere Ne Yo ,Musician,PepsiCo,SSB,Pepsi,BME,35
Ent,Smits Jimmy,Actor,Milk PEP,Dairy,Milk ,WME,60
Ent,Sparks Jordin,Actress/Musician,PHA,Fruit and Vegetables,FNV,BFE,25
Ent,Sparks Jordin,Actress/Musician,Milk PEP,Dairy,Milk ,BFE,25
Ent,Spears Britney,Musician,Milk PEP,Dairy,Milk ,WFE,33
Ent,Spears Britney,Musician,PepsiCo,SSB,Pepsi,WFE,33
Ent,Spears Britney,Musician,McDonald's Corporation,QSR,McDonald's,WFE,33
Ent,Sprouse Cole,Actor,Milk PEP,Dairy,Milk ,WME,23
Ent,Sprouse Cole,Actor,The Dannon Company,Dairy ,Danimals ,WME,23
Ent,Sprouse Dylan,Actor,Milk PEP,Dairy,Milk ,WME,23
Ent,Sprouse Dylan,Actor,The Dannon Company,Dairy,Danimals ,WME,23
Ent,Stanley Paul,Musician,Milk PEP,Dairy,Milk ,WME,63
Ent,Stefani Gwen,Musician,PepsiCo,SSB,Pepsi,WFE,40
Ent,Stewart Martha,TV personality,Milk PEP,Dairy,Milk ,WFE,74
Ent,Stringfield Sherry,Actress,Milk PEP,Dairy,Milk,WFE,48
Ent,Styles Harry Edward One Dierction,Musician,Mondelez,Sweet,Nabisco,WME,22
Ent,Styles Harry Edward One Dierction,Musician,PepsiCo,SSB,Pepsi,WME,22
Ent,Sullivan Erik Per,Actor,Milk PEP,Dairy,Milk ,WME,24
Ent,Swaray Estelle Fanta ,Musician,PHA,Fruit and Vegetables,FNV,BFE,36
Ent,Swift Taylor,Musician,TCCC,NCB,Diet Coke,WFE,25
Ent,Swift Taylor,Musician,Milk PEP,Dairy,Milk ,WFE,25
Ent,Teigen Chrissy ,Model,PepsiCo,Water,Aquafina,MFE,30
Ent,Teigen Chrissy ,Model,PHA,Water,Drink UP Campaign,MFE,30
Ent,Thiam Akon ,Musician,PepsiCo,SSB,Pepsi,BME,43
Ent,Thomas Jonathon Taylor,Actor,Milk PEP,Dairy,Milk ,WME,34
Ent,Thomas Rozonda Ocelean Chilli,Actress/Musician,TCCC,Water,Dasani,BFE,45
Ent,Thomaz Cameron Jibril Wiz Khalifa,Musician,PepsiCo,SSB,Pepsi,AME,28
Ent,Thorne Bella,Actress/Musician,Post Foods,Cereal,Cocoa Pebbles,WFE,17
Ent,Thurman Uma ,Actress/Model,Davide Campari-Milano ,Alcohol ,Campari,WFE,45
Ent,Timberlake Justin,Musician,McDonald's Corporation,QSR,McDonald's,WME,34
Ent,Timberlake Justin,Musician,Sauza Tequila Import Company,Alcohol ,Sauza 901,WME,34
Ent,Timberlake Justin,Musician,PepsiCo,SSB,Pepsi,WME,34
Ent,Timberlake Justin,Musician,Chili's Grill & Bar,QSR,Chili's,WME,34
Ent,Tisdale Ashley,Actress,Milk PEP,Dairy,Milk ,WFE,30
Ent,Tomlinson Louis William One Direction,Musician,Mondelez,Sweet,Nabisco,WME,24
Ent,Tomlinson Louis William One Direction,Musician,PepsiCo,SSB,Pepsi,WME,24
Ent,Trebek Alex,TV personality,Milk PEP,Dairy,Milk ,WME,75
Ent,Trump Ivana,Model ,Milk PEP,Dairy,Milk ,WFE,66
Ent,Tyler Steven,Musician,Milk PEP,Dairy,Milk ,WME,67
Ent,Ullman Tracy,Actress,Milk PEP,Dairy,Milk ,WFE,55
Ent,Underwood Carrie,Musician,Milk PEP,Dairy,Milk ,WFE,32
Ent,Underwood Carrie,Musician,TCCC,NCB,Vitaminwater ZERO,WFE,32
Ent,Underwood Carrie,Musician,The Hershey Company,Candy,Hershy bar,WFE,32
Ent,Union Gabrielle ,Actress,PHA,Fruit and Vegetables,FNV,BFE,43
Ent,Union Gabrielle ,Actress,Vanilla Puddin Chardonnay,Alcohol ,Vanilla Puddin Chardonnay,BFE,43
Ent,Upton Kate,Model,CKE Restaurants,QSR,Carl's Jr,WFE,23
Ent,Valentine James Burgon Maroon 5,Musician,TCCC,SSB,Coca-Cola,WME,37
Ent,Valentine James Burgon Maroon 5,Musician,Dr Pepper Snapple Group,SSB,Snapple,WME,37
Ent,Vega Alexa,Actress,Milk PEP,Dairy,Milk ,LFE,27
Ent,Vergara Sofia,Actress,Milk PEP,Dairy,Milk ,LFE,43
Ent,Vergara Sofia,Actress,PepsiCo,NCB,Diet Pepsi,LFE,43
Ent,Vergara Sofia,Actress,Restaurant Brands International Inc.,QSR,Burger King,LFE,43
Ent,Viera Meredith,TV personality,Milk PEP,Dairy,Milk ,WFE,61
Ent,Vincent Dery Nico & Vinz,Musician,Nestle,SSB,Nestea,BFE,26
Ent,Ward Megan ,Actress,Nestle,Water,Nestle Pure Life,WFE,46
Ent,Wayne Lil,Musician,PepsiCo,SSB,Mountain Dew,BME,32
Ent,Wayne Lil,Musician,PepsiCo,SSB,Gatorade,BME,32
Ent,Webb Katherine,Model,CKE Restaurants,QSR,Carl's Jr,WFE,26
Ent,Wesson Tina,TV Personality,Milk PEP,Dairy,Milk ,WFE,55
Ent,West Kanye,Musician,PepsiCo,SSB,Pepsi,BME,38
Ent,Wheeler Nick,Musician,Milk PEP,Dairy,Milk,WME,33
Ent,White Betty,Actress,Mars Inc.,Candy,Snickers,WFE,93
Ent,White Vanna,TV personality,Milk PEP,Dairy,Milk ,MFE,58
Ent,Wiglesworth Kelly ,TV Personality,Milk PEP,Dairy,Milk ,WFE,38
Ent,Williams Billy Dee ,Actor ,Pabst Brewing Company,Alcohol ,Colt 45,BME,78
Ent,Williams Michelle,Musician,McDonald's Corporation,QSR,McDonald's,BFE,35
Ent,Williams Pharrell,Musician,Diageo ,Alcohol ,Smirnoff,BME,42
Ent,Williams Pharrell,Musician,Diageo ,Alcohol ,QREAM,BME,42
Ent,Williams Pharrell,Musician,Red Bull GmbH,SSB,Red Bull,BME,42
Ent,Williams Vanessa,Actress/Musician,Milk PEP,Dairy,Milk ,BFE,52
Ent,Winfrey Oprah ,TV Personality,Starbucks,NCB,Oprah Chai Tea,BFE,62
Ent,Winter Ariel,Actress,Milk PEP,Dairy,Milk,WFE,17
Ent,Wyle Noah,Actor,Milk PEP,Dairy,Milk ,WME,44
Ent,Young Andre Romelle Dr. Dre,Musician,Dr Pepper Snapple Group,SSB,Dr Pepper,BME,50
Ent,Zayne Billy,Actor ,Milk PEP,Dairy,Milk ,WME,49
Ent,Zhang Ziyi,Actress,Milk PEP,Dairy,Milk ,AFE,36
Ath,Agassi Andre,Tennis ,Milk PEP,Dairy,Milk ,WMA,45
Ath,Aguero Sergio,Soccer ,PepsiCo,NCB,Pepsi Max,LMA,27
Ath,Ali Laila,Boxing,Milk PEP,Dairy,Milk ,BFA,37
Ath,Amendola Danny,Football ,PHA,Fruit and Vegetables,FNV,WMA,29
Ath,Austin Steve,Wrestling,Milk PEP,Dairy,Milk ,WMA,50
Ath,Barkley Charles,Basketball,Yum! Brands,QSR,Taco Bell,BMA,52
Ath,Beckham David,Soccer ,Milk PEP,Dairy,Milk ,WMA,40
Ath,Beckham David,Soccer ,Restaurant Brands International Inc.,QSR,Burger King,WMA,40
Ath,Beckham David,Soccer ,PepsiCo,SSB,Pepsi,WMA,40
Ath,Beckham David,Soccer ,Haig Club Distillery,Alcohol,haig club,WMA,40
Ath,Bleiler Gretchen ,Snowboard,TCCC,SSB,Coca-Cola,WFA,35
Ath,Bolt Usain,Track and Field ,PepsiCo,SSB,Gatorade,BMA,38
Ath,Boudia David ,Diver,TCCC,SSB,Coca-Cola,WMA,27
Ath,Brady Tom,Football ,Milk PEP,Dairy,Milk ,WMA,38
Ath,Brady Tom,Football ,TCCC,Water,Smartwater,WMA,38
Ath,Brees Drew,Football ,PepsiCo,SSB,Pepsi,WMA,36
Ath,BrubakerRockne,Ice Skating,TCCC,SSB,Coca-Cola,WMA,30
Ath,Bryant Kobe,Basketball,McDonald's Corporation,QSR,McDonald's,BMA,36
Ath,Bryant Kobe,Basketball,TCCC,SSB,Sprite,BMA,36
Ath,Bryant Kobe,Basketball,TCCC,SSB,Glaceau's Vitaminwater,BMA,36
Ath,Burnquist Bob,Skateboarding,Milk PEP,Dairy,Milk ,LMA,38
Ath,Busch Kyle,Car Racing,TCCC,SSB,NOS energy,WMA,30
Ath,Cano Robinson ,Baseball ,PepsiCo,SSB,Pepsi,BMA,33
Ath,Carter Vince,Basketball,PepsiCo,SSB,Gatorade,BMA,39
Ath,Cejudo Henry ,Wrestling,TCCC,SSB,Coca-Cola,LMA,29
Ath,Cena John,Wrestling,Post Foods,Cereal,Fruity Pebbles,WMA,38
Ath,Cena John,Wrestling,Kraft Foods Group Inc,SSB,Capri Sun,WMA,38
Ath,Cena John,Wrestling,PHA,Fruit and Vegetables,FNV,WMA,38
Ath,Chancellor Kam ,Football,PHA,Fruit and Vegetables,FNV,BMA,27
Ath,Chandler Chris,Football ,Milk PEP,Dairy,Milk ,WMA,49
Ath,Chastain Brandi ,Soccer ,PHA,Fruit and Vegetables,FNV,WFA,47
Ath,Collins Jamie,Football ,PHA,Fruit and Vegetables,FNV,BMA,25
Ath,Collins Jason,Basketball,PHA,Fruit and Vegetables,FNV,BMA,36
Ath,Collins Kerry,Football,Milk PEP,Dairy,Milk ,WMA,44
Ath,Colston Marques,Football,PHA,Fruit and Vegetables,FNV,BMA,32
Ath,Coughlin Natalie,Swimming,TCCC,SSB,Coca-Cola,WFA,32
Ath,Crosby Sidney,Hockey ,Canada Bread,Meals,Dempsters Bread,WMA,27
Ath,Crosby Sidney,Hockey ,PepsiCo,SSB,Gatorade,WMA,27
Ath,Crosby Sidney,Hockey ,Restaurant Brands International Inc.,QSR,Tim Hortons,WMA,27
Ath,Cruz Victor,Football ,McDonald's Corporation,QSR,Mighty Wings,MMA,28
Ath,Cruz Victor,Football ,PepsiCo,SSB,Pepsi,MMA,28
Ath,Cruz Victor,Football ,Campbell Soup Co.,Meals,Campbell's Chunky Soup ,MMA,28
Ath,Cruz Victor,Football ,PHA,Fruit and Vegetables,FNV,MMA,28
Ath,Curry Stephen,Basketball,Kraft Foods Group Inc,SSB,Capri Sun,BMA,27
Ath,Curry Stephen,Basketball,CytoSport,Dairy,MuscleMilk,BMA,27
Ath,Curry Stephen,Basketball,General Mills Inc.,Cereal,Wheaties ,BMA,27
Ath,Curry Stephen,Basketball,PHA,Fruit and Vegetables,FNV,BMA,27
Ath,Dalton Andy,Football ,PepsiCo,SSB,Pepsi,WMA,27
Ath,Davis Danny ,Snowboard,PepsiCo,SSB,Mountain Dew,WMA,28
Ath,Davis Terrell,Football ,Milk PEP,Dairy,Milk ,BMA,42
Ath,Dilfer Trent ,Football,Milk PEP,Dairy,Milk ,WMA,43
Ath,Dolan Tom ,Swimming,PHA,Fruit and Vegetables,FNV,WMA,40
Ath,Douglas Gabrielle,Gymnast,McDonald's Corporation,QSR,McDonald's,BFA,19
Ath,Douglas Gabrielle,Gymnast,Kraft Foods Group Inc,SSB,Capri Sun,BFA,19
Ath,Duncan Tim,Basketball,TCCC,SSB,Coca-Cola,BMA,39
Ath,Durant Kevin,Basketball,Sonic Corporation,QSR,Sonic,BMA,26
Ath,Durant Kevin,Basketball,VMG Partners,Sweet,Kind Bars,BMA,26
Ath,Durant Kevin,Basketball,Talking Rain Beverage Company,NCB,Sparkling ICE,BMA,26
Ath,Durant Kevin,Basketball,PepsiCo,SSB,Gatorade,BMA,26
Ath,Dyken Amy Van,Swimming,Milk PEP,Dairy,Milk,WFA,42
Ath,Dyken Amy Van,Swimming,General Mills Inc.,Cereal,Wheaties ,WFA,42
Ath,Earnhardt Dale Jr.,Car Racing,PepsiCo,SSB,Mountain Dew,WMA,40
Ath,Earnhardt Dale Jr.,Car Racing,Unilever,Meals,Hellman's Mayonnaise,WMA,40
Ath,Earnhardt Dale Jr.,Car Racing,PepsiCo,SSB,Amp Energy Drink,WMA,40
Ath,Edelman Julian,Football ,PHA,Fruit and Vegetables,FNV,WMA,29
Ath,Edwards Carl,Car Racing,TCCC,SSB,Glaceau's Vitaminwater,WMA,36
Ath,Elway John,Football ,Milk PEP,Dairy,Milk ,WMA,55
Ath,Evert Chris,Tennis ,Milk PEP,Dairy,Milk ,WFA,60
Ath,Ewing Patrick,Basketball,Milk PEP,Dairy,Milk ,BMA,53
Ath,Favre Brett,Football ,Milk PEP,Dairy,Milk ,WMA,45
Ath,Felix Allyson,Track and Field ,PHA,Fruit and Vegetables,FNV,BFA,29
Ath,Fernandez Mary Jo,Tennis ,Milk PEP,Dairy,Milk ,LFA,44
Ath,Fisher Jeff,Football ,Milk PEP,Dairy,Milk ,WMA,57
Ath,Fitzgerald Larry,Football ,IHop,QSR,IHop,BMA,32
Ath,Flacco Joe,Football ,Haribo Company,Candy,Gold Bears,WMA,30
Ath,Flacco Joe,Football ,McDonald's Corporation,QSR,Mighty Wings,WMA,30
Ath,Furyk Jim,Golf,Diageo,Alcohol,Johnnie Walker,WMA,45
Ath,Gardner Rulon,Wrestling,Milk PEP,Dairy,Milk ,WMA,44
Ath,Garnett Kevin ,Basketball,Milk PEP,Dairy,Milk ,BMA,39
Ath,Gonzalez Adrian,Baseball ,Dunkin Brands,QSR,Dunkin' Donuts,LMA,33
Ath,Gonzalez Adrian,Baseball ,PepsiCo,SSB,Pepsi,LMA,33
Ath,Gordeeva Ekaterina,Ice Skating,Milk PEP,Dairy,Milk ,WFA,44
Ath,Gordon Jeff,Car Racing,PepsiCo,SSB,Pepsi,WMA,43
Ath,Gordon Jeff,Car Racing,Milk PEP,Dairy,Milk ,WMA,43
Ath,Granderson Curtis ,Baseball,PHA,Water,Drink UP Campaign,BMA,34
Ath,Green Jeff,Basketball,PHA,Fruit and Vegetables,FNV,BMA,28
Ath,Griffin Blake,Basketball,Red Bull GmbH,SSB,Red Bull,MMA,26
Ath,Griffin Robert,Football ,Doctor's Associates Inc.,QSR,Subway,BMA,25
Ath,Gronkowski Rob,Football ,Dunkin Brands,QSR,Dunkin' Donuts,WMA,26
Ath,Gronkowski Rob,Football ,PHA,Fruit and Vegetables,FNV,WMA,26
Ath,Hamm Mia,Soccer ,Milk PEP,Dairy,Milk ,WFA,43
Ath,Hamm Mia,Soccer ,TCCC,SSB,Coca-Cola,WFA,43
Ath,Hamm Mia,Soccer ,PepsiCo,SSB,Gatorade,WFA,43
Ath,Hawk Tony,Skateboarding,Milk PEP,Dairy,Milk ,WMA,47
Ath,Hernandez Felix,Baseball ,PepsiCo,SSB,Pepsi,LMA,29
Ath,Ho Coco ,surfer,TCCC,SSB,G Series Fit,WFA,25
Ath,Hoffman Mat ,Biking,Milk PEP,Dairy,Milk ,WMA,44
Ath,Hollingsworth Ellery ,Snowboard,TCCC,SSB,Gatorade,WFA,24
Ath,Howard Dwight,Basketball,McDonald's Corporation,QSR,McDonald's,BMA,29
Ath,Howard Dwight,Basketball,PepsiCo,SSB,Gatorade,BMA,29
Ath,Howard Dwight,Basketball,TCCC,SSB,Glaceau's Vitaminwater,BMA,29
Ath,Howard Ryan,Baseball ,Doctor's Associates Inc.,QSR,Subway,BMA,35
Ath,Howard Ryan,Baseball ,TCCC,SSB,Powerade,BMA,35
Ath,Howard Tim,Soccer ,McDonald's Corporation,QSR,McDonald's,MMA,36
Ath,Howard Tim,Soccer ,PepsiCo,SSB,Gatorade,MMA,36
Ath,Hoya Oscar de la,Boxing,Milk PEP,Dairy,Milk ,LMA,42
Ath,Irving Kyrie,Basketball,Post Foods,Cereal,Cocoa Pebbles,BMA,23
Ath,Isner John ,Tennis,TCCC,SSB,Coca-Cola,WMA,31
Ath,Iverson Allen,Basketball,TCCC,SSB,Glaceau's Vitaminwater,BMA,40
Ath,James Lebron,Basketball,TCCC,SSB,Sprite,BMA,30
Ath,James Lebron,Basketball,McDonald's Corporation,QSR,McDonald's,BMA ,30
Ath,James Lebron,Basketball,TCCC,SSB,Powerade,BMA,30
Ath,James Lebron,Basketball,TCCC,SSB,Glaceau's Vitaminwater,BMA ,30
Ath,James Lebron,Basketball,Dunkin Brands,QSR,Dunkin' Donuts,BMA,30
Ath,James Lebron,Basketball,Cadbury Schweppes,Candy,Bubblicious,BMA,30
Ath,Jennings Kerri Walsh ,Beach Volleyball,PepsiCo,SSB,Gatorade,WFA,37
Ath,Jeter Derek,Baseball ,PepsiCo,SSB,Gatorade,BMA,41
Ath,Johnson Dwayne,Wrestling,Milk PEP,Dairy,Milk,MMA,43
Ath,Johnson Jimmie,Car Racing,TCCC,SSB,Coca-Cola,WMA,39
Ath,Johnson Jimmie,Car Racing,PepsiCo,SSB,Gatorade,WMA,39
Ath,Johnson Shawn,Gymnast,McDonald's Corporation,QSR,McDonald's,WFA,23
Ath,Johnson Shawn,Gymnast,Milk PEP,Dairy,Milk,WFA,23
Ath,Johnson Shawn,Gymnast,TCCC,SSB,Coca-Cola,WFA,23
Ath,Johnson Stevie,Football ,PepsiCo,SSB,Pepsi,BMA,28
Ath,Jones Marion,Track and Field/ Basketball,Milk PEP,Dairy,Milk ,BFA,39
Ath,Jordan Michael,Basketball,TCCC,SSB,Coca-Cola,BMA,52
Ath,Jordan Michael,Basketball,PepsiCo,SSB,Gatorade,BMA,52
Ath,Jordan Michael,Basketball,General Mills Inc.,Cereal,Wheaties ,BMA,52
Ath,Jordan Michael,Basketball,McDonald's Corporation,QSR,McDonald's,BMA,52
Ath,Joyner Florence Griffith,Track and Field ,Milk PEP,Dairy,Milk ,BFA,38
Ath,Kaepernick Colin,Football ,McDonald's Corporation,QSR,Mighty Wings,MMA,27
Ath,Kaepernick Colin,Football ,PHA,Fruit and Vegetables,FNV,MMA,27
Ath,Kahne Kasey,Car Racing,TCCC,SSB,Glaceau's Vitaminwater,WMA,35
Ath,Keith Duncan,Ice Hockey,PHA,Fruit and Vegetables,FNV,WMA,32
Ath,Kenseth Matt ,Car Racing,PepsiCo,SSB,Gatorade,WMA,44
Ath,Kligenberg Meghan,Soccer ,PHA,Fruit and Vegetables,FNV,WFA,27
Ath,Kurt Warner,Football,Milk PEP,Dairy,Milk ,WMA,44
Ath,Kwan Michelle,Ice Skating,Milk PEP,Dairy,Milk ,AFA,35
Ath,Kwan Michelle,Ice Skating,TCCC,SSB,Coca-Cola,AFA,35
Ath,Kwan Michelle,Ice Skating,PHA,Fruit and Vegetables,FNV,AFA,35
Ath,LaFell Brandon,Football ,PHA,Fruit and Vegetables,FNV,BMA,28
Ath,Leslie Lisa,Basketball,Milk PEP,Dairy,Milk ,BFA,43
Ath,Ligety Ted ,Skiing,TCCC,SSB,Coca-Cola,WMA,31
Ath,Liukin Nastia,Gymnast,General Mills Inc.,Cereal,Wheaties ,WFA,25
Ath,Lochte Ryan ,Swimming,TCCC,SSB,G Series Fit,WMA,31
Ath,Long Jessica ,Swimming,TCCC,SSB,Coca-Cola,WFA,24
Ath,Luyendyk Arie,Car Racing,Milk PEP,Dairy,Milk ,WMA,62
Ath,Lysacek Evan ,Ice Skating,TCCC,SSB,Coca-Cola,MMA,31
Ath,Mancuso Julia ,Ski Racing,TCCC,LCB,ZICO,WFA,32
Ath,Mann Charles C. ,Football,PHA,Fruit and Vegetables,FNV,BMA,55
Ath,Manning Archie,Football ,Milk PEP,Dairy,Milk ,WMA,66
Ath,Manning Eli,Football ,Milk PEP,Dairy,Milk ,WMA,34
Ath,Manning Eli,Football ,PepsiCo,SSB,Gatorade,WMA,34
Ath,Manning Eli,Football ,Dunkin Brands,QSR,Dunkin' Donuts,WMA,34
Ath,Manning Eli,Football ,Mondelez,Sweet,Nabisco Triple Double Oreo,WMA,34
Ath,Manning Peyton,Football ,Papa John's International,QSR,Papa John's,WMA,39
Ath,Manning Peyton,Football ,PepsiCo,SSB,Gatorade,WMA,39
Ath,Manning Peyton,Football ,General Mills Inc.,Cereal,Wheaties ,WMA,39
Ath,Manning Peyton,Football ,Milk PEP,Dairy,Milk ,WMA,39
Ath,Maroney McKayla,Gymnast,Dr Pepper Snapple Group,LCB,7Up 10,WFA,19
Ath,Martin Mark,Car Racing,Kellogg's,Sweet,Kellogg's Snacks,WMA,57
Ath,Matthews Wesley,Basketball,PHA,Fruit and Vegetables,FNV,BMA,28
Ath,Mauer Joe,Baseball ,PepsiCo,SSB,Gatorade,WMA,32
Ath,Mauer Joe,Baseball ,Dairy Farmers of America Inc.,Dairy,Kemps,WMA,32
Ath,May Treanor Misty,Volleyball,PepsiCo,SSB,Gatorade,WFA,38
Ath,Mayweather Floyd,Boxing,Restaurant Brands International Inc.,QSR,Burger King,BMA,38
Ath,McCourty Devin,Football ,PHA,Fruit and Vegetables,FNV,BMA,27
Ath,McCray Nikki,Basketball,Milk PEP,Dairy,Milk ,BFA,43
Ath,McGrady Tracy,Basketball,Milk PEP,Dairy,Milk ,BMA,36
Ath,McGwire Mark,Baseball ,Milk PEP,Dairy,Milk ,WMA,51
Ath,McLaughlin Keauna ,Ice Skating,TCCC,SSB,Coca-Cola,WFA,23
Ath,McNabb Donovan,Football ,Campbell Soup Co.,Meals,Campbell's Chunky Soup ,BMA,39
Ath,Meola Tony,Soccer ,Milk PEP,Dairy,Milk ,WMA,47
Ath,Messi Lionel,Soccer ,PepsiCo,SSB,Pepsi,LMA,28
Ath,Messi Lionel,Soccer ,PepsiCo,Salty,Lay's Potato Chips,LMA,28
Ath,Montana Joe ,Football ,House Spirits Distillery,Alcohol,Aviation Gin,WMA,59
Ath,Morgan Alex ,Soccer,TCCC,SSB,Coca-Cola,WFA,27
Ath,Mourning Alonzo,Basketball,PHA,Fruit and Vegetables,FNV,BMA,45
Ath,Murray Andy,Tennis ,PHA,Fruit and Vegetables,FNV,WMA,28
Ath,Musico Danny ,Boxing,Essentia Water LLC.,Water,Essentia ,WFA,47
Ath,Nash Steve,Basketball,TCCC,SSB,Glaceau's Vitaminwater,WMA,41
Ath,Newton Cam,Football ,The Dannon Company,Dairy,Oikos,BMA,26
Ath,Newton Cam,Football ,PepsiCo,SSB,Gatorade,BMA,26
Ath,Newton Cam,Football ,PHA,Fruit and Vegetables,FNV,BMA,26
Ath,Ninkovich Rob,Football ,PHA,Fruit and Vegetables,FNV,WMA,31
Ath,Ohno Apolo Anton,Speed Skating,TCCC,SSB,Coca-Cola,AMA,33
Ath,Ohno Apolo Anton,Speed Skating,Mondelez,Sweet,Nabisco Triple Double Oreo,AMA,33
Ath,Ohno Apolo Anton,Speed Skating,Milk PEP,Dairy,Milk,AMA,33
Ath,Ohno Apolo Anton,Speed Skating,Doctor's Associates Inc.,QSR,Subway,AMA,33
Ath,Ohno Apolo Anton,Speed Skating,PHA,Fruit and Vegetables,FNV,AMA,33
Ath,Oliver David ,Track and Field ,TCCC,SSB,Coca-Cola,BMA,34
Ath,Olsen Ben,Soccer ,PHA,Fruit and Vegetables,FNV,WMA,38
Ath,O'Neal Shaquille,Basketball,Milk PEP,Dairy,Milk,BMA,43
Ath,O'Neal Shaquille,Basketball,Mondelez,Sweet,Nabisco Triple Double Oreo,BMA,43
Ath,O'Neal Shaquille,Basketball,PepsiCo,SSB,Pepsi,BMA,43
Ath,O'Neal Shaquille,Basketball,Yum! Brands,QSR,Taco Bell,BMA,43
Ath,O'Neal Shaquille,Basketball,Restaurant Brands International Inc.,QSR,Burger King,BMA,43
Ath,O'Neal Shaquille,Basketball,Arizona Beverages,SSB,Soda Shaq,BMA,43
Ath,O'Neal Shaquille,Basketball,TCCC,SSB,Glaceau's Vitaminwater,BMA,43
Ath,O'Neal Shaquille,Basketball,Post Foods,Cereal,Cocoa Pebbles,BMA,43
Ath,Ortiz David,Baseball ,Dunkin Brands,QSR,Dunkin' Donuts,LMA,39
Ath,Pacquiao Manny,Boxing,Nestle,Candy,Butterfinger,AMA,36
Ath,Pacquiao Manny,Boxing,The Wonderful Company,Salty,Wonderful Pistachios,AMA,36
Ath,Pacquiao Manny,Boxing,McDonald's Corporation,QSR,McDonald's,AMA,36
Ath,Parera Nadal ,Tennis ,Bacardi Limited,Alcohol,Bacardi ,LMA,29
Ath,Parker Candace,Basketball,McDonald's Corporation,QSR,McDonald's,BFA,29
Ath,Parker Candace,Basketball,PepsiCo,SSB,Gatorade,BFA,29
Ath,Pastrana Travis,Motorsports ,Red Bull GmbH,SSB,Red Bull,WMA,31
Ath,Patrick Danica,Car Racing,TCCC,NCB,Coke Zero,WFA,33
Ath,Patrick Danica,Car Racing,TCCC,SSB,Coca-Cola,WFA,34
Ath,Paul Chris,Basketball,TCCC,SSB,Glaceau's Vitaminwater,BMA,30
Ath,Paul Chris,Basketball,McDonald's Corporation,QSR,McDonald's,BMA,30
Ath,Paul Chris,Basketball,TCCC,SSB,Powerade,BMA,30
Ath,Pence Hunter,Baseball ,PHA,Fruit and Vegetables,FNV,WMA,32
Ath,Pence Hunter,Baseball ,Liscio's Bakery,QSR,Liscio's Bakery,WMA,32
Ath,Peterson Adrian ,Football ,TCCC,SSB,Glaceau's Vitaminwater,BMA,30
Ath,Phelps Michael,Swimming,Doctor's Associates Inc.,QSR,Subway,WMA,30
Ath,Phelps Michael,Swimming,Kellogg's,Cereal,Frosted Flakes,WMA,30
Ath,Pierce Paul,Basketball,TCCC,SSB,Powerade,BMA,38
Ath,Pierce Paul,Basketball,PepsiCo,SSB,Gatorade,BMA,38
Ath,Polamalu Troy,Football ,TCCC,NCB,Coke Zero,AMA,34
Ath,Posey Buster,Baseball ,PHA,Fruit and Vegetables,FNV,WMA,28
Ath,Press Christen,Soccer ,PHA,Fruit and Vegetables,FNV,MFA,26
Ath,Purdy Amy ,Snowboard,TCCC,SSB,Coca-Cola,WFA,36
Ath,Rabil Paul,Lacrosse ,Red Bull GmbH,SSB,Red Bull,WMA,29
Ath,Rabil Paul,Lacrosse ,PHA,Fruit and Vegetables,FNV,WMA,29
Ath,Raisman Aly ,Gymnast,Nestle,Water,Poland Spring,MFA,21
Ath,Rampone Christie,Soccer ,PHA,Fruit and Vegetables,FNV,WFA,40
Ath,Rapinoe Megan,Soccer ,PHA,Fruit and Vegetables,FNV,WFA,30
Ath,Revis Darrelle,Football ,The Healthy Beverage Company,NCB,Steaz Organic Green Tea,BMA,29
Ath,Revis Darrelle,Football ,PHA,Fruit and Vegetables,FNV,BMA,29
Ath,Riley Pat,Basketball,Milk PEP,Dairy,Milk ,WMA,70
Ath,Ripken Cal Jr.,Baseball ,Milk PEP,Dairy,Milk ,WMA,55
Ath,Ritzenhein Dathan ,Running,TCCC,SSB,Gatorade,WMA,33
Ath,Roddick Andy,Tennis ,Milk PEP,Dairy,Milk ,WMA,33
Ath,Rodman Dennis,Basketball,Milk PEP,Dairy,Milk ,BMA,54
Ath,Rodriguez Alex,Baseball ,Vita Coco,LCB,Vita Coco,LMA,39
Ath,Rodriguez Paul Jr,Skateboarding,PepsiCo,SSB,Mountain Dew,WMA,31
Ath,Roethlisberger Ben,Football ,Campbell Soup Co.,Meals,Campbell's Chunky Soup ,WMA,33
Ath,Romo Sergio,Baseball ,Three Twins ,Dairy,Three Twins Ice Cream,LMA,32
Ath,Romo Sergio,Baseball ,PHA,Fruit and Vegetables,FNV,LMA,32
Ath,Romo Tony,Football ,Yum! Brands,QSR,Pizza Hut,WMA,35
Ath,Romo Tony,Football ,PepsiCo,SSB,Pepsi,WMA,35
Ath,Romo Tony,Football ,PepsiCo,NCB,Pepsi Max,WMA,35
Ath,Ronaldo Cristian,Soccer ,Yum! Brands,QSR,KFC,LMA,30
Ath,Rose Derrick ,Basketball,TCCC,SSB,Powerade,BMA,27
Ath,Ruggiero Angela ,Ice Hockey,TCCC,SSB,Coca-Cola,WFA,36
Ath,Sampras Pete,Tennis ,Milk PEP,Dairy,Milk ,WMA,44
Ath,Scurry Briana,Soccer ,PHA,Fruit and Vegetables,FNV,BFA,43
Ath,Seabrook Brent ,Ice Hockey,PHA,Fruit and Vegetables,FNV,WMA,31
Ath,Seles Monica,Tennis ,Milk PEP,Dairy,Milk ,WFA,41
Ath,Sharapova Maria,Tennis ,The Dannon Company,Water,Evian ,WFA,28
Ath,Sharapova Maria,Tennis ,Sugarpova,Candy,Sugarpova,WFA,28
Ath,Sheckler Ryan,Skateboarding,Red Bull GmbH,SSB,Red Bull,WMA,25
Ath,Sheckler Ryan,Skateboarding,PepsiCo,SSB,Mountain Dew,WMA,25
Ath,Sheckler Ryan,Skateboarding,The Wendy's Company,QSR,Wendy's ,WMA,25
Ath,Smith Steve,Football ,PHA,Fruit and Vegetables,FNV,BMA,36
Ath,Smith Torrey,Football ,PHA,Fruit and Vegetables,FNV,BMA,26
Ath,Solo Hope,Soccer,PepsiCo,SSB,Gatorade,WFA,34
Ath,Stewart Tony,Car Racing,McDonald's Corporation,QSR,McDonald's,WMA,44
Ath,Stewart Tony,Car Racing,Restaurant Brands International Inc.,QSR,Burger King,WMA,44
Ath,Stewart Tony,Car Racing,TCCC,SSB,Coca-Cola,WMA,44
Ath,Stoudemire Amar'e,Basketball,TCCC,LCB,ZICO,BMA,32
Ath,St-Pierre George GSP,Martial Artist,TCCC,SSB,NOS energy,WMA,34
Ath,Strahan Michael,Football ,Milk PEP,Dairy,Milk ,BMA,43
Ath,Swoopes Sheryl,Basketball,Milk PEP,Dairy,Milk,BFA,44
Ath,Sylvester Nigel ,Biking,PepsiCo,SSB,Gatorade,BMA,28
Ath,Toews Jonathan ,Ice Hockey,PHA,Fruit and Vegetables,FNV,WMA,28
Ath,Tomlinson LaDainian,Football ,Campbell Soup Co.,Meals,Campbell's Chunky Soup ,BMA,36
Ath,Torre Joe,Baseball ,Milk PEP,Dairy,Milk ,WMA,75
Ath,Vonn Lindsey,Ski Racing,Milk PEP,Dairy,Milk,WFA,30
Ath,Wade Dwayne,Basketball,PepsiCo,SSB,Gatorade,BMA ,33
Ath,Wendell Ryan,Football ,PHA,Fruit and Vegetables,FNV,WMA,29
Ath,Westbrook Russell,Basketball,Doctor's Associates Inc.,QSR,Subway,BMA,26
Ath,White Shaun,Snowboard,Red Bull GmbH,SSB,Red Bull,WMA,28
Ath,Williams Deron,Basketball,Red Bull GmbH,SSB,Red Bull,BMA,31
Ath,Williams Deron,Basketball,TCCC,SSB,Glaceau's Vitaminwater,BMA,31
Ath,Williams Serena,Tennis ,Milk PEP,Dairy,Milk ,BFA,33
Ath,Williams Serena,Tennis ,PepsiCo,SSB,Gatorade,BFA,33
Ath,Williams Serena,Tennis ,Mondelez,Sweet,Nabisco Oreo,BFA,33
Ath,Williams Serena,Tennis ,Mondelez,Sweet,100 Calorie Pack Snack,BFA,33
Ath,Williams Serena,Tennis ,PepsiCo,SSB,Pepsi,BFA,33
Ath,Williams Serena,Tennis ,McDonald's Corporation,QSR,McDonald's,BFA,33
Ath,Williams Serena,Tennis ,PHA,Fruit and Vegetables,FNV,BFA,33
Ath,Williams Serena,Tennis ,Wrigley Company,Candy,Wrigley's Doublemint,BFA,33
Ath,Williams Venus,Tennis ,Mondelez,Sweet,Nabisco Triple Double Oreo,BFA,35
Ath,Williams Venus,Tennis ,Mondelez,Sweet,100 Calorie Pack Snack,BFA,35
Ath,Williams Venus,Tennis ,Mondelez,Sweet,Nabisco Oreo,BFA,35
Ath,Williams Venus,Tennis ,Milk PEP,Dairy,Milk ,BFA,35
Ath,Williams Venus,Tennis ,McDonald's Corporation,QSR,McDonald's,BFA,35
Ath,Williams Venus,Tennis ,Wrigley Company,Candy,Wrigley's Doublemint,BFA,35
Ath,Wright David,Baseball ,TCCC,SSB,Glaceau's Vitaminwater,WMA,33
Ath,Yamaguchi Kristi,Ice Skating,Milk PEP,Dairy,Milk ,AFA,44
Ath,Yao Ming,Basketball,TCCC,SSB,Coca-Cola,AMA,35
Ath,Yao Ming,Basketball,Yao Family Wines,Alcohol,Yao Family Wines,AMA,35
Ath,Young Steve,Football ,Milk PEP,Dairy,Milk ,WMA,53
Oth,Booker Cory,Politician,PHA,Fruit and Vegetables,FNV,BMO,46
Oth,Brown Alton,Celebrity Chef,National Grape Cooperative Inc,SSB,Welch's Grape Juice,WMO,52
Oth,Cantrell Betty,Miss America,PHA,Fruit and Vegetables,FNV,WFO,21
Oth,Choi Roy,Celebrity Chef,Hormel,Meals,Spam,AMO,45
Oth,Colicchio Tom,Celebrity Chef,TCCC,NCB,Diet Coke,WMO,52
Oth,Conrad Lauren,Entrepreneur ,Pernod Recard,Alcohol,Malibu Rum,WFO,29
Oth,Conrad Lauren,Entrepreneur ,Milk PEP,Dairy,Milk,WFO,29
Oth,DiSpirito Rocco,Celebrity Chef,Kraft Foods Group Inc,Meals,Recipe Maker,WMO,48
Oth,Garcia Lorena,Celebrity Chef,Yum! Brands,QSR,Taco Bell,LFO,29
Oth,Guarnaschelli Alex,Celebrity Chef,Unilever,Meals,I Can't Believe It's Not Butter!,WFO,45
Oth,Hall Carla,Celebrity Chef,Kraft Foods Group Inc,Meals,Recipe Maker,BFO,51
Oth,Hertling Mark,Army Officer,PHA,Fruit and Vegetables,FNV,WMO,62
Oth,Lakshmi Padma,Celebrity Chef,CKE Restaurants,QSR,Carl's Jr,AFO,44
Oth,Lee Edward,Celebrity Chef,Yum! Brands,QSR,KFC,AMO,43
Oth,Obama Michelle,Politician,PHA,Water,Drink UP Campaign,BFO,51
Oth,Obama Michelle,Politician,PHA,Fruit and Vegetables,FNV,BFO,51
Oth,Oliver Jamie,Celebrity Chef,Food Revolution Brand,Meals,Fresh Retail Ventures,WMO,40
Oth,Ray Rachel,Celebrity Chef,Dunkin Brands,QSR,Dunkin' Donuts,WFO,41
Oth,Shalala Donna,Politician ,Milk PEP,Dairy,Milk ,WFO,74
Oth,Symon Michael,Celebrity Chef,PepsiCo,Salty,Lay's Potato Chips,WMO,45
Oth,Thomas Latham ,Entrepreneur ,Voss,Water,VOSS ,BFO,33
Oth,Trump Donald ,Politician/Entrepreneur,Donald Trump,Alcohol,Trump Super Premium Vodka,WMO,69
Oth,Viviani Fabio,Celebrity Chef,Dominos Pizza Inc,QSR,Domino's Pizza,WMO,36
Oth,Viviani Fabio,Celebrity Chef,Nestle,Water,San Pellegrino Mineral Water,WMO,36
Oth,Viviani Fabio,Celebrity Chef,Mizkan Group,Meals,Bertolli Olive Oil,WMO,36
Oth,White Marco Pierre,Celebrity Chef,Unilever,Meals,Knorr,WMO,53
Oth,Whitestone Heather ,Miss America,Milk PEP,Dairy,Milk ,WFO,42
FNV,Alba Jessica,Actress/Entrepreneur,Milk PEP,Dairy,Milk ,MFE,34
FNV,Alba Jessica,Actress/Entrepreneur,TCCC,LCB,ZICO,MFE,34
FNV,Alba Jessica,Actress/Entrepreneur,PHA,Fruit and Vegetables,FNV,MFE,34
FNV,Batyske Mick MICK,Musician,PHA,Fruit and Vegetables,FNV,WME,38
FNV,Beer Madison,Actress/Musician,PHA,Fruit and Vegetables,FNV,WFE,16
FNV,Bell Kristen,Actress/Musician,PHA,Fruit and Vegetables,FNV,WFE,34
FNV,Brady Wayne,Actor/TV personality,PHA,Fruit and Vegetables,FNV,BME,43
FNV,Cook A. J. ,Actress,PHA,Fruit and Vegetables,FNV,WFE,37
FNV,Crawford Cindy,Model,PepsiCo,SSB,Pepsi,WFE,49
FNV,Crawford Cindy,Model,Urban Remedy,Meals,Urban Remedy,WFE,49
FNV,Crawford Cindy,Model,PHA,Fruit and Vegetables,FNV,WFE,49
FNV,Douglas Ashanti Shequoiya Ashanti,Musician,PHA,Fruit and Vegetables,FNV,BFE,35
FNV,Douglas Ashanti Shequoiya Ashanti,Musician,PHA,Water,Drink UP Campaign,BFE,35
FNV,Evigan Briana,Actress,PHA,Fruit and Vegetables ,FNV,WFE,28
FNV,Garcia Jessica Marie,Actress,PHA,Fruit and Vegetables,FNV,LFE,28
FNV,Grier Hayes,Musician,PHA,Fruit and Vegetables,FNV,WME,15
FNV,Grier Nash,Musician,PHA,Fruit and Vegetables,FNV,WME,16
FNV,Hough Julianne,Actress/Musician,Milk PEP,Dairy,Milk,WFE,27
FNV,Hough Julianne,Actress/Musician,Wrigley Company,Candy,Juicy Fruit ,WFE,27
FNV,Hough Julianne,Actress/Musician,PHA,Fruit and Vegetables,FNV,WFE,27
FNV,Jackson Randy,TV Personality,PHA,Fruit and Vegetables,FNV,BME,59
FNV,Jonas Nick,Musician,PHA,Fruit and Vegetables,FNV,WME,23
FNV,Lynch Riker R5,Musician,PHA,Fruit and Vegetables,FNV,WME,23
FNV,Lynch Rocky R5,Musician,PHA,Fruit and Vegetables,FNV,WME,20
FNV,Lynch Ross R5,Musician,PHA,Fruit and Vegetables,FNV,WME,19
FNV,Lynch Rydel R5,Musician,PHA,Fruit and Vegetables,FNV,WFE,22
FNV,Mowry Tia,Actress,PHA,Fruit and Vegetables,FNV,BFE,37
FNV,Navedo Andrea,Actress,PHA,Fruit and Vegetables ,FNV,LFE,37
FNV,Pontius Chris ,Actor,PHA,Fruit and Vegetables,FNV,WME,41
FNV,Ratliff Ellington R5,Musician,PHA,Fruit and Vegetables ,FNV,WME,22
FNV,Sparks Jordin,Actress/Musician,PHA,Fruit and Vegetables,FNV,BFE,25
FNV,Sparks Jordin,Actress/Musician,Milk PEP,Dairy,Milk ,BFE,25
FNV,Swaray Estelle Fanta ,Musician,PHA,Fruit and Vegetables,FNV,BFE,36
FNV,Union Gabrielle ,Actress,PHA,Fruit and Vegetables,FNV,BFE,43
FNV,Union Gabrielle ,Actress,Vanilla Puddin Chardonnay,Alcohol ,Vanilla Puddin Chardonnay,BFE,43
FNV,Amendola Danny,Football ,PHA,Fruit and Vegetables,FNV,WMA,29
FNV,Cena John,Wrestling,Post Foods,Cereal,Fruity Pebbles,WMA,38
FNV,Cena John,Wrestling,Kraft Foods Group Inc,SSB,Capri Sun,WMA,38
FNV,Cena John,Wrestling,PHA,Fruit and Vegetables,FNV,WMA,38
FNV,Chancellor Kam ,Football,PHA,Fruit and Vegetables,FNV,BMA,27
FNV,Chastain Brandi ,Soccer ,PHA,Fruit and Vegetables,FNV,WFA,47
FNV,Collins Jamie,Football ,PHA,Fruit and Vegetables,FNV,BMA,25
FNV,Collins Jason,Basketball,PHA,Fruit and Vegetables,FNV,BMA,36
FNV,Colston Marques,Football,PHA,Fruit and Vegetables,FNV,BMA,32
FNV,Cruz Victor,Football ,McDonald's Corporation,QSR,Mighty Wings,MMA,28
FNV,Cruz Victor,Football ,PepsiCo,SSB,Pepsi,MMA,28
FNV,Cruz Victor,Football ,Campbell Soup Co.,Meals,Campbell's Chunky Soup ,MMA,28
FNV,Cruz Victor,Football ,PHA,Fruit and Vegetables,FNV,MMA,28
FNV,Curry Stephen,Basketball,Kraft Foods Group Inc,SSB,Capri Sun,BMA,27
FNV,Curry Stephen,Basketball,CytoSport,Dairy,MuscleMilk,BMA,27
FNV,Curry Stephen,Basketball,General Mills Inc.,Cereal,Wheaties ,BMA,27
FNV,Curry Stephen,Basketball,PHA,Fruit and Vegetables,FNV,BMA,27
FNV,Dolan Tom ,Swimming,PHA,Fruit and Vegetables,FNV,WMA,40
FNV,Edelman Julian,Football ,PHA,Fruit and Vegetables,FNV,WMA,29
FNV,Felix Allyson,Track and Field ,PHA,Fruit and Vegetables,FNV,BFA,29
FNV,Green Jeff,Basketball,PHA,Fruit and Vegetables,FNV,BMA,28
FNV,Gronkowski Rob,Football ,Dunkin Brands,QSR,Dunkin' Donuts,WMA,26
FNV,Gronkowski Rob,Football ,PHA,Fruit and Vegetables,FNV,WMA,26
FNV,Kaepernick Colin,Football ,McDonald's Corporation,QSR,Mighty Wings,MMA,27
FNV,Kaepernick Colin,Football ,PHA,Fruit and Vegetables,FNV,MMA,27
FNV,Keith Duncan,Ice Hockey,PHA,Fruit and Vegetables,FNV,WMA,32
FNV,Kligenberg Meghan,Soccer ,PHA,Fruit and Vegetables,FNV,WFA,27
FNV,Kwan Michelle,Ice Skating,Milk PEP,Dairy,Milk ,AFA,35
FNV,Kwan Michelle,Ice Skating,TCCC,SSB,Coca-Cola,AFA,35
FNV,Kwan Michelle,Ice Skating,PHA,Fruit and Vegetables,FNV,AFA,35
FNV,LaFell Brandon,Football ,PHA,Fruit and Vegetables,FNV,BMA,28
FNV,Mann Charles C. ,Football,PHA,Fruit and Vegetables,FNV,BMA,55
FNV,Matthews Wesley,Basketball,PHA,Fruit and Vegetables,FNV,BMA,28
FNV,McCourty Devin,Football ,PHA,Fruit and Vegetables,FNV,BMA,27
FNV,Mourning Alonzo,Basketball,PHA,Fruit and Vegetables,FNV,BMA,45
FNV,Murray Andy,Tennis ,PHA,Fruit and Vegetables,FNV,WMA,28
FNV,Newton Cam,Football ,The Dannon Company,Dairy,Oikos,BMA,26
FNV,Newton Cam,Football ,PepsiCo,SSB,Gatorade,BMA,26
FNV,Newton Cam,Football ,PHA,Fruit and Vegetables,FNV,BMA,26
FNV,Ninkovich Rob,Football ,PHA,Fruit and Vegetables,FNV,WMA,31
FNV,Ohno Apolo Anton,Speed Skating,TCCC,SSB,Coca-Cola,AMA,33
FNV,Ohno Apolo Anton,Speed Skating,Mondelez,Sweet,Nabisco Triple Double Oreo,AMA,33
FNV,Ohno Apolo Anton,Speed Skating,Milk PEP,Dairy,Milk,AMA,33
FNV,Ohno Apolo Anton,Speed Skating,Doctor's Associates Inc.,QSR,Subway,AMA,33
FNV,Ohno Apolo Anton,Speed Skating,PHA,Fruit and Vegetables,FNV,AMA,33
FNV,Olsen Ben,Soccer ,PHA,Fruit and Vegetables,FNV,WMA,38
FNV,Pence Hunter,Baseball ,PHA,Fruit and Vegetables,FNV,WMA,32
FNV,Pence Hunter,Baseball ,Liscio's Bakery,QSR,Liscio's Bakery,WMA,32
FNV,Posey Buster,Baseball ,PHA,Fruit and Vegetables,FNV,WMA,28
FNV,Press Christen,Soccer ,PHA,Fruit and Vegetables,FNV,MFA,26
FNV,Rabil Paul,Lacrosse ,Red Bull GmbH,SSB,Red Bull,WMA,29
FNV,Rabil Paul,Lacrosse ,PHA,Fruit and Vegetables,FNV,WMA,29
FNV,Rampone Christie,Soccer ,PHA,Fruit and Vegetables,FNV,WFA,40
FNV,Rapinoe Megan,Soccer ,PHA,Fruit and Vegetables,FNV,WFA,30
FNV,Revis Darrelle,Football ,The Healthy Beverage Company,NCB,Steaz Organic Green Tea,BMA,29
FNV,Revis Darrelle,Football ,PHA,Fruit and Vegetables,FNV,BMA,29
FNV,Romo Sergio,Baseball ,Three Twins ,Dairy,Three Twins Ice Cream,LMA,32
FNV,Romo Sergio,Baseball ,PHA,Fruit and Vegetables,FNV,LMA,32
FNV,Scurry Briana,Soccer ,PHA,Fruit and Vegetables,FNV,BFA,43
FNV,Seabrook Brent ,Ice Hockey,PHA,Fruit and Vegetables,FNV,WMA,31
FNV,Smith Steve,Football ,PHA,Fruit and Vegetables,FNV,BMA,36
FNV,Smith Torrey,Football ,PHA,Fruit and Vegetables,FNV,BMA,26
FNV,Toews Jonathan ,Ice Hockey,PHA,Fruit and Vegetables,FNV,WMA,28
FNV,Wendell Ryan,Football ,PHA,Fruit and Vegetables,FNV,WMA,29
FNV,Williams Serena,Tennis ,Milk PEP,Dairy,Milk ,BFA,33
FNV,Williams Serena,Tennis ,PepsiCo,SSB,Gatorade,BFA,33
FNV,Williams Serena,Tennis ,Mondelez,Sweet,Nabisco Oreo,BFA,33
FNV,Williams Serena,Tennis ,Mondelez,Sweet,100 Calorie Pack Snack,BFA,33
FNV,Williams Serena,Tennis ,PepsiCo,SSB,Pepsi,BFA,33
FNV,Williams Serena,Tennis ,McDonald's Corporation,QSR,McDonald's,BFA,33
FNV,Williams Serena,Tennis ,PHA,Fruit and Vegetables,FNV,BFA,33
FNV,Williams Serena,Tennis ,Wrigley Company,Candy,Wrigley's Doublemint,BFA,33
FNV,Booker Cory,Politician,PHA,Fruit and Vegetables,FNV,BMO,46
FNV,Cantrell Betty,Miss America,PHA,Fruit and Vegetables,FNV,WFO,21
FNV,Hertling Mark,Army Officer,PHA,Fruit and Vegetables,FNV,WMO,62
FNV,Obama Michelle,Politician,PHA,Water,Drink UP Campaign,BFO,51
FNV,Obama Michelle,Politician,PHA,Fruit and Vegetables,FNV,BFO,51
GotMilk,Abdulmajid Iman,Actress/Model,Milk PEP,Dairy,Milk ,BFE,60
GotMilk,Alba Jessica,Actress/Entrepreneur,Milk PEP,Dairy,Milk ,MFE,34
GotMilk,Alba Jessica,Actress/Entrepreneur,TCCC,LCB,ZICO,MFE,34
GotMilk,Alba Jessica,Actress/Entrepreneur,PHA,Fruit and Vegetables,FNV,MFE,34
GotMilk,Aniston Jennifer,Actress,Milk PEP,Dairy,Milk ,WFE,46
GotMilk,Aniston Jennifer,Actress,TCCC,Water,Smartwater,WFE,46
GotMilk,Banks Tyra,Actress/Model,Milk PEP,Dairy,Milk ,BFE,41
GotMilk,Barton Mischa,Actress/Model,Milk PEP,dairy,Milk ,WFE,29
GotMilk,Bennett Tony,Musician,Milk PEP,Dairy,Milk ,WME,89
GotMilk,Black Clint,Musician,Milk PEP,Dairy,Milk ,WME,53
GotMilk,Bleeth Yasmine,Actress ,Milk PEP,Dairy,Milk ,WFE,47
GotMilk,Bleu Corbin,Actor/Musician,Milk PEP,Dairy,Milk ,BME,26
GotMilk,Boesch Rudy,TV Personality,Milk PEP,Dairy,Milk ,WME,88
GotMilk,Boreanaz David,Actor,Milk PEP,Dairy,Milk ,WME,46
GotMilk,Bowen Julie,Actress,Milk PEP,Dairy,Milk,WFE,45
GotMilk,Braff Zach,Actor,Milk PEP,Dairy,Milk ,WME,40
GotMilk,Brinkley Christie,Actress/Model,Milk PEP,Dairy,Milk ,WFE,61
GotMilk,Brown Chris,Actor/Musician,Milk PEP,Dairy,Milk ,BME,27
GotMilk,Brown Chris,Actor/Musician,Wrigley Company,Candy,Wrigley's Doublemint,BME,27
GotMilk,Bundchen Gisele,Actress/Model,Milk PEP,Dairy,Milk ,WFE,35
GotMilk,Burns Steve,TV personality,Milk PEP,Dairy,Milk ,WME,41
GotMilk,Burrell Tyler Gerald Ty Burrell ,Actor,Milk PEP,Dairy,Milk,WME,48
GotMilk,Butler Dan,Actor,Milk PEP,Dairy,Milk,WME,60
GotMilk,Bynes Amanda,Actress,Milk PEP,Dairy,Milk ,WFE,29
GotMilk,Campbell Naomi,Actress/Model,Milk PEP,Dairy,Milk ,BFE,45
GotMilk,Campbell Neve,Actress ,Milk PEP,Dairy,Milk ,WFE,41
GotMilk,Carter Nick,Musician,Milk PEP,Dairy,Milk,WME,35
GotMilk,Cattrall Kim,Actress,Milk PEP,Dairy,Milk ,WFE,59
GotMilk,Chalke Sarah,Actress,Milk PEP,Dairy,Milk ,WFE,39
GotMilk,Chan Jackie,Actor ,Milk PEP,Dairy,Milk ,AME,61
GotMilk,Channing Stockard,Actress,Milk PEP,Dairy,Milk ,WFE,71
GotMilk,Chiklis Michael,Actor,Milk PEP,Dairy,Milk ,WME,52
GotMilk,Clarkson Kelly,Musician,Milk PEP,Dairy,Milk ,WFE,33
GotMilk,Clarkson Kelly,Musician,TCCC,SSB,Glaceau's Vitaminwater,WFE,33
GotMilk,Clarkson Kelly,Musician,PepsiCo,SSB,Pepsi,WFE,33
GotMilk,Coleman Monique,Actress,Milk PEP,Dairy,Milk ,BFE,34
GotMilk,Copperfield David,Illusionist ,Milk PEP,Dairy,Milk ,WME,59
GotMilk,Criss Peter,Actor/Musician,Milk PEP,Dairy,Milk ,WME,69
GotMilk,Crowe Sheryl,Musician,Milk PEP,Dairy,Milk,WFE,53
GotMilk,Cyrus Billy Ray,Musician,Milk PEP,Dairy,Milk ,WME,54
GotMilk,Cyrus Miley,Musician,Milk PEP,Dairy,Milk ,WFE,22
GotMilk,Daly Carson,TV Personality ,Milk PEP,Dairy,Milk ,WME,42
GotMilk,DeVito Danny,Actor,Milk PEP,Dairy,Milk ,WME,70
GotMilk,DeVito Danny,Actor,Danny Devito,Alcohol,Danny DeVito Limoncello,WME,70
GotMilk,Dobrev Nina,Actress,Milk PEP,Dairy,Milk,WFE,26
GotMilk,Dobson Fefe,Musician,Milk PEP,Dairy,Milk ,BFE,30
GotMilk,Donaldson Colby ,TV Personality,Milk PEP,Dairy,Milk ,WME,41
GotMilk,Dorough Howie,Musician,Milk PEP,Dairy,Milk ,WME,42
GotMilk,Duff Hilary,Actress/Musician,Milk PEP,Dairy,Milk ,WFE,28
GotMilk,Efron Zac,Actor,Milk PEP,Dairy,Milk ,WME,27
GotMilk,Evans Chris,Actor,Milk PEP,Dairy,Milk,WME,34
GotMilk,Faison Donald,Actor,Milk PEP,Dairy,Milk ,BME,41
GotMilk,Famie Keith ,TV Personality,Milk PEP,Dairy,Milk ,WME,56
GotMilk,Fenty Robyn Rihanna,Musician,Milk PEP,Dairy,Milk ,BFE,27
GotMilk,Fenty Robyn Rihanna,Musician,Vita Coco,LCB,Vita Coco,BFE,27
GotMilk,Fenty Robyn Rihanna,Musician,PepsiCo,Salty,Doritos,BFE,27
GotMilk,Fogle Jared,TV personality,Milk PEP,Dairy,Milk ,WME,38
GotMilk,Ford Harrison,Actor,Milk PEP,Dairy,Milk,WME,73
GotMilk,Fox Matthew,Actor,Milk PEP,Dairy,Milk ,WME,49
GotMilk,Franz Dennis,Actor,Milk PEP,Dairy,Milk ,WME,70
GotMilk,Frehley Ace,Musician,Milk PEP,Dairy,Milk,WME,64
GotMilk,Fuentes Daisy,Model/TV personality,Milk PEP,Dairy,Milk ,LFE,48
GotMilk,Garrett Brad,Actor,Milk PEP,Dairy,Milk ,WME,55
GotMilk,Gaylor Chris,Musician,Milk PEP,Dairy,Milk,WME,36
GotMilk,Gellar Sarah Michelle,Actress,Milk PEP,Dairy,Milk ,WFE,38
GotMilk,Gilpin Peri,Actress,Milk PEP,Dairy,Milk,WFE,54
GotMilk,Goldberg Whoopi,Actress,Milk PEP,Dairy,Milk ,BFE,59
GotMilk,Gould Nolan,Actor,Milk PEP,Dairy,Milk,WME,16
GotMilk,Grabeel Lucas,Actor,Milk PEP,Dairy,Milk ,WME,30
GotMilk,Grammer Kelsey,Actor,Milk PEP,Dairy,Milk ,WME,60
GotMilk,Grant Amy,Musician,Milk PEP,Dairy,Milk ,WFE,54
GotMilk,Griffith Melanie,Actress,Milk PEP,Dairy,Milk ,WFE,58
GotMilk,Gruffudd Ioan,Actor,Milk PEP,Dairy,Milk,WME,42
GotMilk,Hanson Isaac ,Musician,Hanson Brothers Beer Company,Alcohol,MmmHop,WME,34
GotMilk,Hanson Isaac ,Musician,Milk PEP,Dairy,Milk,WME,34
GotMilk,Hanson Taylor,Musician,Milk PEP,Dairy,Milk,WME,32
GotMilk,Hanson Taylor,Musician,Hanson Brothers Beer Company,Alcohol,MmmHop,WME,32
GotMilk,Hanson Zac,Musician,Milk PEP,Dairy,Milk,WME,30
GotMilk,Hanson Zac,Musician,Hanson Brothers Beer Company,Alcohol,MmmHop,WME,30
GotMilk,Harmon Angie,Actress,Milk PEP,Dairy,Milk ,WFE,43
GotMilk,Hatch Richard ,TV Personality,Milk PEP,Dairy,Milk ,WME,54
GotMilk,Hawk Susan ,TV Personality,Milk PEP,Dairy,Milk ,WFE,54
GotMilk,Hayek Selma,Actress,Restaurant Brands International Inc.,QSR,Burger King,LFE,49
GotMilk,Hayek Selma,Actress,Milk PEP,Dairy,Milk,LFE,49
GotMilk,Haynes Cornell Iral Jr. Nelly,Musician,Milk PEP,Dairy,Milk ,BME,40
GotMilk,Haynes Cornell Iral Jr. Nelly,Musician,General Mills Inc.,Cereal,Honey Nut Cheerios,BME,40
GotMilk,Haynes Cornell Iral Jr. Nelly,Musician,Just Born Inc.,Candy,Mike and Ike,BME,40
GotMilk,Heaton Patricia,Actress,Milk PEP,Dairy,Milk ,WFE,57
GotMilk,Henderson Florence,Actress,Milk PEP,Dairy,Milk ,WFE,81
GotMilk,Hewitt Jennifer Love,Actress,Milk PEP,Dairy,Milk ,WFE,36
GotMilk,Hough Julianne,Actress/Musician,Milk PEP,Dairy,Milk,WFE,27
GotMilk,Hough Julianne,Actress/Musician,Wrigley Company,Candy,Juicy Fruit ,WFE,27
GotMilk,Hough Julianne,Actress/Musician,PHA,Fruit and Vegetables,FNV,WFE,27
GotMilk,Howard Ron,Actor ,Milk PEP,Dairy,Milk ,WME,61
GotMilk,Hudgens Vanessa,Actress/Musician,Milk PEP,Dairy,Milk ,LFE,26
GotMilk,Hudson Jennifer,Actress/Musician,Milk PEP,Dairy,Milk ,BFE,34
GotMilk,Huffman Felicity,Actress,Milk PEP,Dairy ,Milk,WFE,52
GotMilk,Hurley Elizabeth,Actress/Model,Milk PEP,Dairy,Milk,WFE,50
GotMilk,Hyland Sarah,Actress,Milk PEP,Dairy,Milk,WFE,24
GotMilk,Jackman Hugh,Actor,Milk PEP,Dairy,Milk ,WME,46
GotMilk,Jackman Hugh,Actor,Unilever,SSB,Lipton Iced Tea,WME,46
GotMilk,Jackson Joshua,Actor,Milk PEP,Dairy,Milk ,WME,37
GotMilk,John Elton,Musician,Milk PEP,Dairy,Milk ,WME,68
GotMilk,John Elton,Musician,PepsiCo,SSB,Pepsi,WME,68
GotMilk,Jolie Angelina,Actress ,Milk PEP,Dairy,Milk ,WFE,40
GotMilk,Jolie Angelina,Actress ,Chateau Miraval,Alcohol,Miraval Rose,WFE,40
GotMilk,Jones Shirley,Actress,Milk PEP,Dairy,Milk,WFE,81
GotMilk,Justice Victoria,Actress/Musician,Milk PEP,Dairy,Milk ,LFE,22
GotMilk,Kennerty Mike,Musician,Milk PEP,Dairy ,Milk,WME,35
GotMilk,King Larry,Actor/TV personality,Milk PEP,Dairy,Milk ,WME,81
GotMilk,Kinski Nastassja,Actress/Model,Milk PEP,Dairy,Milk ,WFE,54
GotMilk,Klum Heidi,Model/TV Personality,Milk PEP,Dairy,Milk ,WFE,42
GotMilk,Klum Heidi,Model/TV Personality,McDonald's Corporation,QSR,McDonald's,WFE,42
GotMilk,Klum Heidi,Model/TV Personality,CKE Restaurants,QSR,Carl's Jr,WFE,42
GotMilk,Knowles Beyonce,Musician,Milk PEP,Dairy,Milk ,BFE,34
GotMilk,Knowles Beyonce,Musician,PepsiCo,SSB,Pepsi,BFE,34
GotMilk,Knowles Solange,Musician,Milk PEP,Dairy,Milk ,BFE,29
GotMilk,Kudrow Lisa,Actress,Milk PEP,Dairy,Milk ,WFE,52
GotMilk,Lee Spike,Actor/Director,Milk PEP,Dairy,Milk ,BME,58
GotMilk,Leeves Jane,Actress,Milk PEP,Dairy ,Milk ,WFE,54
GotMilk,Lipnicki Jonathan,Actor,Milk PEP,Dairy,Milk ,WME,26
GotMilk,Littrell Brian,Musician,Milk PEP,Dairy,Milk,WME,40
GotMilk,Lohan Lindsay,Actress,Milk PEP,Dairy,Milk ,WFE,29
GotMilk,Lovato Demi,Actress/Musician,Milk PEP,Dairy,Milk,LFE,22
GotMilk,Lunden Joan,TV personality,Milk PEP,Dairy,Milk ,WFE,65
GotMilk,MacDowell Andie,Actress/Model,Milk PEP,Dairy,Milk ,WFE,57
GotMilk,Macpherson Elle,Actress/Model,Milk PEP,Dairy,Milk ,WFE,51
GotMilk,Macy William H.,Actor,Milk PEP,Dairy,Milk,WME,65
GotMilk,Maguire Martie,Musician,Milk PEP,Dairy ,Milk,WFE,46
GotMilk,Mahoney John,Actor,Milk PEP,Dairy ,Milk,WME,75
GotMilk,Maines Natalie,Musician,Milk PEP,Dairy,Milk ,WFE,41
GotMilk,Manson Marilyn,Musician,Milk PEP,Dairy,Milk ,WME,46
GotMilk,Manson Marilyn,Musician,Absinthe Maninthe,Alcohol ,Absinthe Maninthe,WME,46
GotMilk,McCullough Bernard Jeffrey Bernie Mac,Actor/Comedian,Milk PEP,Dairy,Milk ,BME,50
GotMilk,McGraw Phil Dr.,TV personality,Milk PEP,Dairy,Milk ,WME,65
GotMilk,McLean A.J.,Musician,Milk PEP,Dairy,Milk,WME,37
GotMilk,Moore Mandy,Actress/Musician,Milk PEP,Dairy,Milk ,WFE,31
GotMilk,Moss Kate,Model,Milk PEP,Dairy,Milk ,WFE,41
GotMilk,Muniz Frankie,Actor,Milk PEP,Dairy,Milk ,WME,29
GotMilk,Muniz Marco Antonio Marc Anthony,Actor/Musician,Milk PEP,Dairy,Milk ,LME,47
GotMilk,Myers Mike,Actor,Milk PEP,Dairy,Milk ,WME,52
GotMilk,O'brien Conan,TV personality,Milk PEP,Dairy,Milk ,WME,53
GotMilk,Olsen Ashley,Actress,Milk PEP,Dairy,Milk ,WFE,29
GotMilk,Olsen Mary Kate,Actress,Milk PEP,Dairy,Milk ,WFE,29
GotMilk,Panettiere Hayden,Actress,Milk PEP,Dairy,Milk ,WFE,26
GotMilk,Perlman Rhea,Actress,Milk PEP,Dairy,Milk ,WFE,67
GotMilk,Pierce David Hyde,Actor ,Milk PEP,Dairy ,Milk ,WME,56
GotMilk,Preston Kelly,Actress,Milk PEP,Dairy,Milk ,WFE,52
GotMilk,Prince Freddie Jr.,Actor,Milk PEP,Dairy,Milk ,WME,39
GotMilk,Ramirez Sara,Actress,Milk PEP,Dairy,Milk ,LFE,40
GotMilk,Raymond Usher,Musician,Milk PEP,Dairy,Milk ,BME,36
GotMilk,Richardson Kevin,Musician,Milk PEP,Dairy,Milk,WME,44
GotMilk,Rimes LeeAnn,Musician,Milk PEP,Dairy,Milk ,WFE,33
GotMilk,Ritter Tyson,Musician,Milk PEP,Dairy ,Milk,WME,31
GotMilk,Robison Emily,Musician,Milk PEP,Dairy,Milk,WFE,43
GotMilk,Romano Ray,Actor ,Milk PEP,Dairy,Milk ,WME,57
GotMilk,Romijn Rebecca,Model,Milk PEP,Dairy,Milk ,WFE,42
GotMilk,Ross Marion,Actress,Milk PEP,Dairy,Milk ,WFE,86
GotMilk,Rossellini Isabella,Actress,Milk PEP,Dairy,Milk ,WFE,63
GotMilk,Sabara Daryl,Actor,Milk PEP,Dairy,Milk ,WME,23
GotMilk,Shaffer Paul,Musician,Milk PEP,Dairy,Milk ,WME,65
GotMilk,Shields Brooke,Actress,Milk PEP,Dairy,Milk ,WFE,50
GotMilk,Simmons Gene,Musician,Milk PEP,Dairy,Milk,WME,66
GotMilk,Smits Jimmy,Actor,Milk PEP,Dairy,Milk ,WME,60
GotMilk,Sparks Jordin,Actress/Musician,PHA,Fruit and Vegetables,FNV,BFE,25
GotMilk,Sparks Jordin,Actress/Musician,Milk PEP,Dairy,Milk ,BFE,25
GotMilk,Spears Britney,Musician,Milk PEP,Dairy,Milk ,WFE,33
GotMilk,Spears Britney,Musician,PepsiCo,SSB,Pepsi,WFE,33
GotMilk,Spears Britney,Musician,McDonald's Corporation,QSR,McDonald's,WFE,33
GotMilk,Sprouse Cole,Actor,Milk PEP,Dairy,Milk ,WME,23
GotMilk,Sprouse Cole,Actor,The Dannon Company,Dairy ,Danimals ,WME,23
GotMilk,Sprouse Dylan,Actor,Milk PEP,Dairy,Milk ,WME,23
GotMilk,Sprouse Dylan,Actor,The Dannon Company,Dairy,Danimals ,WME,23
GotMilk,Stanley Paul,Musician,Milk PEP,Dairy,Milk ,WME,63
GotMilk,Stewart Martha,TV personality,Milk PEP,Dairy,Milk ,WFE,74
GotMilk,Stringfield Sherry,Actress,Milk PEP,Dairy,Milk,WFE,48
GotMilk,Sullivan Erik Per,Actor,Milk PEP,Dairy,Milk ,WME,24
GotMilk,Swift Taylor,Musician,TCCC,NCB,Diet Coke,WFE,25
GotMilk,Swift Taylor,Musician,Milk PEP,Dairy,Milk ,WFE,25
GotMilk,Thomas Jonathon Taylor,Actor,Milk PEP,Dairy,Milk ,WME,34
GotMilk,Tisdale Ashley,Actress,Milk PEP,Dairy,Milk ,WFE,30
GotMilk,Trebek Alex,TV personality,Milk PEP,Dairy,Milk ,WME,75
GotMilk,Trump Ivana,Model ,Milk PEP,Dairy,Milk ,WFE,66
GotMilk,Tyler Steven,Musician,Milk PEP,Dairy,Milk ,WME,67
GotMilk,Ullman Tracy,Actress,Milk PEP,Dairy,Milk ,WFE,55
GotMilk,Underwood Carrie,Musician,Milk PEP,Dairy,Milk ,WFE,32
GotMilk,Underwood Carrie,Musician,TCCC,NCB,Vitaminwater ZERO,WFE,32
GotMilk,Underwood Carrie,Musician,The Hershey Company,Candy,Hershy bar,WFE,32
GotMilk,Vega Alexa,Actress,Milk PEP,Dairy,Milk ,LFE,27
GotMilk,Vergara Sofia,Actress,Milk PEP,Dairy,Milk ,LFE,43
GotMilk,Viera Meredith,TV personality,Milk PEP,Dairy,Milk ,WFE,61
GotMilk,Wesson Tina,TV Personality,Milk PEP,Dairy,Milk ,WFE,55
GotMilk,Wheeler Nick,Musician,Milk PEP,Dairy,Milk,WME,33
GotMilk,White Vanna,TV personality,Milk PEP,Dairy,Milk ,MFE,58
GotMilk,Wiglesworth Kelly ,TV Personality,Milk PEP,Dairy,Milk ,WFE,38
GotMilk,Williams Vanessa,Actress/Musician,Milk PEP,Dairy,Milk ,BFE,52
GotMilk,Winter Ariel,Actress,Milk PEP,Dairy,Milk,WFE,17
GotMilk,Wyle Noah,Actor,Milk PEP,Dairy,Milk ,WME,44
GotMilk,Zayne Billy,Actor ,Milk PEP,Dairy,Milk ,WME,49
GotMilk,Zhang Ziyi,Actress,Milk PEP,Dairy,Milk ,AFE,36
GotMilk,Agassi Andre,Tennis ,Milk PEP,Dairy,Milk ,WMA,45
GotMilk,Ali Laila,Boxing,Milk PEP,Dairy,Milk ,BFA,37
GotMilk,Austin Steve,Wrestling,Milk PEP,Dairy,Milk ,WMA,50
GotMilk,Beckham David,Soccer ,Milk PEP,Dairy,Milk ,WMA,40
GotMilk,Beckham David,Soccer ,Restaurant Brands International Inc.,QSR,Burger King,WMA,40
GotMilk,Beckham David,Soccer ,PepsiCo,SSB,Pepsi,WMA,40
GotMilk,Beckham David,Soccer ,Haig Club Distillery,Alcohol,haig club,WMA,40
GotMilk,Brady Tom,Football ,Milk PEP,Dairy,Milk ,WMA,38
GotMilk,Brady Tom,Football ,TCCC,Water,Smartwater,WMA,38
GotMilk,Burnquist Bob,Skateboarding,Milk PEP,Dairy,Milk ,LMA,38
GotMilk,Chandler Chris,Football ,Milk PEP,Dairy,Milk ,WMA,49
GotMilk,Collins Kerry,Football,Milk PEP,Dairy,Milk ,WMA,44
GotMilk,Davis Terrell,Football ,Milk PEP,Dairy,Milk ,BMA,42
GotMilk,Dilfer Trent ,Football,Milk PEP,Dairy,Milk ,WMA,43
GotMilk,Dyken Amy Van,Swimming,Milk PEP,Dairy,Milk,WFA,42
GotMilk,Dyken Amy Van,Swimming,General Mills Inc.,Cereal,Wheaties ,WFA,42
GotMilk,Elway John,Football ,Milk PEP,Dairy,Milk ,WMA,55
GotMilk,Evert Chris,Tennis ,Milk PEP,Dairy,Milk ,WFA,60
GotMilk,Ewing Patrick,Basketball,Milk PEP,Dairy,Milk ,BMA,53
GotMilk,Favre Brett,Football ,Milk PEP,Dairy,Milk ,WMA,45
GotMilk,Fernandez Mary Jo,Tennis ,Milk PEP,Dairy,Milk ,LFA,44
GotMilk,Fisher Jeff,Football ,Milk PEP,Dairy,Milk ,WMA,57
GotMilk,Gardner Rulon,Wrestling,Milk PEP,Dairy,Milk ,WMA,44
GotMilk,Garnett Kevin ,Basketball,Milk PEP,Dairy,Milk ,BMA,39
GotMilk,Gordeeva Ekaterina,Ice Skating,Milk PEP,Dairy,Milk ,WFA,44
GotMilk,Gordon Jeff,Car Racing,PepsiCo,SSB,Pepsi,WMA,43
GotMilk,Gordon Jeff,Car Racing,Milk PEP,Dairy,Milk ,WMA,43
GotMilk,Hamm Mia,Soccer ,Milk PEP,Dairy,Milk ,WFA,43
GotMilk,Hamm Mia,Soccer ,TCCC,SSB,Coca-Cola,WFA,43
GotMilk,Hamm Mia,Soccer ,PepsiCo,SSB,Gatorade,WFA,43
GotMilk,Hawk Tony,Skateboarding,Milk PEP,Dairy,Milk ,WMA,47
GotMilk,Hoffman Mat ,Biking,Milk PEP,Dairy,Milk ,WMA,44
GotMilk,Hoya Oscar de la,Boxing,Milk PEP,Dairy,Milk ,LMA,42
GotMilk,Johnson Dwayne,Wrestling,Milk PEP,Dairy,Milk,MMA,43
GotMilk,Johnson Shawn,Gymnast,McDonald's Corporation,QSR,McDonald's,WFA,23
GotMilk,Johnson Shawn,Gymnast,Milk PEP,Dairy,Milk,WFA,23
GotMilk,Johnson Shawn,Gymnast,TCCC,SSB,Coca-Cola,WFA,23
GotMilk,Jones Marion,Track and Field/ Basketball,Milk PEP,Dairy,Milk ,BFA,39
GotMilk,Joyner Florence Griffith,Track and Field ,Milk PEP,Dairy,Milk ,BFA,38
GotMilk,Kurt Warner,Football,Milk PEP,Dairy,Milk ,WMA,44
GotMilk,Kwan Michelle,Ice Skating,Milk PEP,Dairy,Milk ,AFA,35
GotMilk,Kwan Michelle,Ice Skating,TCCC,SSB,Coca-Cola,AFA,35
GotMilk,Kwan Michelle,Ice Skating,PHA,Fruit and Vegetables,FNV,AFA,35
GotMilk,Leslie Lisa,Basketball,Milk PEP,Dairy,Milk ,BFA,43
GotMilk,Luyendyk Arie,Car Racing,Milk PEP,Dairy,Milk ,WMA,62
GotMilk,Manning Archie,Football ,Milk PEP,Dairy,Milk ,WMA,66
GotMilk,Manning Eli,Football ,Milk PEP,Dairy,Milk ,WMA,34
GotMilk,Manning Eli,Football ,PepsiCo,SSB,Gatorade,WMA,34
GotMilk,Manning Eli,Football ,Dunkin Brands,QSR,Dunkin' Donuts,WMA,34
GotMilk,Manning Eli,Football ,Mondelez,Sweet,Nabisco Triple Double Oreo,WMA,34
GotMilk,Manning Peyton,Football ,Milk PEP,Dairy,Milk ,WMA,39
GotMilk,McCray Nikki,Basketball,Milk PEP,Dairy,Milk ,BFA,43
GotMilk,McGrady Tracy,Basketball,Milk PEP,Dairy,Milk ,BMA,36
GotMilk,McGwire Mark,Baseball ,Milk PEP,Dairy,Milk ,WMA,51
GotMilk,Meola Tony,Soccer ,Milk PEP,Dairy,Milk ,WMA,47
GotMilk,Ohno Apolo Anton,Speed Skating,TCCC,SSB,Coca-Cola,AMA,33
GotMilk,Ohno Apolo Anton,Speed Skating,Mondelez,Sweet,Nabisco Triple Double Oreo,AMA,33
GotMilk,Ohno Apolo Anton,Speed Skating,Milk PEP,Dairy,Milk,AMA,33
GotMilk,Ohno Apolo Anton,Speed Skating,Doctor's Associates Inc.,QSR,Subway,AMA,33
GotMilk,Ohno Apolo Anton,Speed Skating,PHA,Fruit and Vegetables,FNV,AMA,33
GotMilk,O'Neal Shaquille,Basketball,Milk PEP,Dairy,Milk,BMA,43
GotMilk,O'Neal Shaquille,Basketball,Mondelez,Sweet,Nabisco Triple Double Oreo,BMA,43
GotMilk,O'Neal Shaquille,Basketball,PepsiCo,SSB,Pepsi,BMA,43
GotMilk,O'Neal Shaquille,Basketball,Yum! Brands,QSR,Taco Bell,BMA,43
GotMilk,O'Neal Shaquille,Basketball,Restaurant Brands International Inc.,QSR,Burger King,BMA,43
GotMilk,O'Neal Shaquille,Basketball,Arizona Beverages,SSB,Soda Shaq,BMA,43
GotMilk,O'Neal Shaquille,Basketball,TCCC,SSB,Glaceau's Vitaminwater,BMA,43
GotMilk,O'Neal Shaquille,Basketball,Post Foods,Cereal,Cocoa Pebbles,BMA,43
GotMilk,Riley Pat,Basketball,Milk PEP,Dairy,Milk ,WMA,70
GotMilk,Ripken Cal Jr.,Baseball ,Milk PEP,Dairy,Milk ,WMA,55
GotMilk,Roddick Andy,Tennis ,Milk PEP,Dairy,Milk ,WMA,33
GotMilk,Rodman Dennis,Basketball,Milk PEP,Dairy,Milk ,BMA,54
GotMilk,Sampras Pete,Tennis ,Milk PEP,Dairy,Milk ,WMA,44
GotMilk,Seles Monica,Tennis ,Milk PEP,Dairy,Milk ,WFA,41
GotMilk,Strahan Michael,Football ,Milk PEP,Dairy,Milk ,BMA,43
GotMilk,Swoopes Sheryl,Basketball,Milk PEP,Dairy,Milk,BFA,44
GotMilk,Torre Joe,Baseball ,Milk PEP,Dairy,Milk ,WMA,75
GotMilk,Vonn Lindsey,Ski Racing,Milk PEP,Dairy,Milk,WFA,30
GotMilk,Williams Serena,Tennis ,Milk PEP,Dairy,Milk ,BFA,33
GotMilk,Williams Serena,Tennis ,PepsiCo,SSB,Gatorade,BFA,33
GotMilk,Williams Serena,Tennis ,Mondelez,Sweet,Nabisco Oreo,BFA,33
GotMilk,Williams Serena,Tennis ,Mondelez,Sweet,100 Calorie Pack Snack,BFA,33
GotMilk,Williams Serena,Tennis ,PepsiCo,SSB,Pepsi,BFA,33
GotMilk,Williams Serena,Tennis ,McDonald's Corporation,QSR,McDonald's,BFA,33
GotMilk,Williams Serena,Tennis ,PHA,Fruit and Vegetables,FNV,BFA,33
GotMilk,Williams Serena,Tennis ,Wrigley Company,Candy,Wrigley's Doublemint,BFA,33
GotMilk,Williams Venus,Tennis ,Mondelez,Sweet,Nabisco Triple Double Oreo,BFA,35
GotMilk,Williams Venus,Tennis ,Mondelez,Sweet,100 Calorie Pack Snack,BFA,35
GotMilk,Williams Venus,Tennis ,Mondelez,Sweet,Nabisco Oreo,BFA,35
GotMilk,Williams Venus,Tennis ,Milk PEP,Dairy,Milk ,BFA,35
GotMilk,Williams Venus,Tennis ,McDonald's Corporation,QSR,McDonald's,BFA,35
GotMilk,Williams Venus,Tennis ,Wrigley Company,Candy,Wrigley's Doublemint,BFA,35
GotMilk,Yamaguchi Kristi,Ice Skating,Milk PEP,Dairy,Milk ,AFA,44
GotMilk,Young Steve,Football ,Milk PEP,Dairy,Milk ,WMA,53
GotMilk,Conrad Lauren,Entrepreneur ,Pernod Recard,Alcohol,Malibu Rum,WFO,29
GotMilk,Conrad Lauren,Entrepreneur ,Milk PEP,Dairy,Milk,WFO,29
GotMilk,Shalala Donna,Politician ,Milk PEP,Dairy,Milk ,WFO,74
GotMilk,Whitestone Heather ,Miss America,Milk PEP,Dairy,Milk ,WFO,42